ID,EMAIL,PASSWORD,FULLNAME,AVATAR,ROLE_ID
1,lpandya0@soup.io,reY4CL,Lucilia Pandya,It,2
2,gcottle1@privacy.gov.au,1o33jHGP,Greer Cottle,Zamit,3
3,gkilmary2@whitehouse.gov,VHiAs56,Galvin Kilmary,Job,2
4,nmclarens3@nature.com,qNKmVUq48V4,Nerty McLarens,Biodex,1
5,bdonavan4@booking.com,R6AsJt0U,Bryana Donavan,Zontrax,1
6,clawford5@kickstarter.com,rLZM2AmeM,Curtis Lawford,Ronstring,2
7,ymachel6@princeton.edu,E4NzSHv,Yancey Machel,Regrant,1
8,tjuggings7@irs.gov,ELiUaw,Trstram Juggings,Fixflex,3
9,mspanswick8@google.nl,XUVTJVUQ,Marybelle Spanswick,Y-Solowarm,1
10,fstrick9@diigo.com,nhetE4WS,Florri Strick,Bytecard,2
11,stitcharda@networksolutions.com,47AnfqA,Shelli Titchard,Transcof,3
12,mandreassenb@rakuten.co.jp,88ctM8JK,Melva Andreassen,Latlux,1
13,mdraycottc@mysql.com,d7NmwXjHw3P,Martha Draycott,Redhold,2
14,kacedod@1688.com,hCofWsIgG,Kriste Acedo,Job,3
15,kmuttitte@salon.com,S5WGZT7YMl,Kath Muttitt,Asoka,1
16,jericf@biblegateway.com,a2Mi4Evl1d2,Jordana Eric,Fixflex,3
17,agiriardellig@tuttocitta.it,vzVcAt76YsEZ,Andria Giriardelli,Biodex,1
18,cshovlarh@tripod.com,0h02KzTp,Ches Shovlar,Flexidy,3
19,khinkensi@amazon.com,27Tsi3iwQDP,Karlyn Hinkens,Tres-Zap,3
20,snajeraj@howstuffworks.com,lXH7YstECQ,Seamus Najera,Fix San,1
21,ddek@mapy.cz,pYJ7IWv4V1,Dar De Biasio,Bitwolf,2
22,rbeagriel@soundcloud.com,MfAxDy,Rees Beagrie,Mat Lam Tam,1
23,smalinsonm@vinaora.com,p51KsmhkKJ7m,Sadye Malinson,Sonair,2
24,mloncastern@hatena.ne.jp,MLmzXnp4bN4,Mattie Loncaster,Regrant,3
25,mbendino@ca.gov,FRRbKqdtjJ,Mar Bendin,Quo Lux,2
26,ktschieraschep@reference.com,ZeKIYJG8nt2,Karolina Tschierasche,Cardguard,3
27,amaccrossonq@csmonitor.com,C6hfIqmVnDLd,Annice MacCrosson,Andalax,2
28,apetscheltr@ucla.edu,LoOCmsX,Augustina Petschelt,Konklab,1
29,mpawles@merriam-webster.com,Iz2GQTcd,Madel Pawle,Prodder,2
30,bcowndent@alibaba.com,QAdtv917qe5b,Betsy Cownden,Ronstring,3
31,abartloszu@engadget.com,p7lviEXp,Aurel Bartlosz,Matsoft,3
32,acastelynv@4shared.com,Mwcbhl1lk1,Arnuad Castelyn,Fix San,3
33,theistermannw@digg.com,2QH0aoZLEGkZ,Tisha Heistermann,Lotlux,2
34,meusdenx@jigsy.com,ZR3XkX9bkRu9,Mellisent Eusden,Regrant,2
35,dbrazeltony@sfgate.com,KnVvSGEbZus,Danie Brazelton,Sonsing,2
36,ghawkswoodz@census.gov,0LMU7DZ,Gusti Hawkswood,Zathin,3
37,ptiron10@altervista.org,g7bNlhUN4,Portia Tiron,Sonair,3
38,atroy11@hibu.com,vAmmzz,Albert Troy,Pannier,2
39,gkynastone12@nature.com,x7q3cmDOYU0,Gloriane Kynastone,Flowdesk,3
40,rkalkofen13@sciencedaily.com,vqTGPiEtVJBG,Rosetta Kalkofen,Viva,1
41,pmushawe14@sphinn.com,2vUVwHH,Paquito Mushawe,Sonair,3
42,barboine15@blinklist.com,UrNqXGcxwdfx,Barny Arboine,Viva,3
43,cvanyard16@is.gd,w9I4EoX,Cristiano Vanyard,Matsoft,2
44,kkrolak17@mlb.com,z23xglgySDwI,Krissy Krolak,Prodder,2
45,sdowse18@spotify.com,SUixirJ6,Shela Dowse,Latlux,1
46,shubbart19@hostgator.com,llz3td1Pkrb,Sandy Hubbart,Aerified,2
47,fsimm1a@japanpost.jp,YoxTad6D,Florette Simm,Voyatouch,1
48,ktyers1b@boston.com,DpuE32mxT,Kareem Tyers,Fixflex,1
49,rtappor1c@shinystat.com,dNer30u,Randee Tappor,Keylex,2
50,tpartleton1d@google.co.uk,7cYSg3,Twyla Partleton,Domainer,3
51,schaffen1e@yellowbook.com,riU1OSquRY,Susanna Chaffen,Cookley,3
52,jdullingham1f@harvard.edu,EZ5Kuj9,Jessika Dullingham,Toughjoyfax,2
53,dgarretts1g@blogger.com,y3atodFEDitX,Doria Garretts,Tresom,3
54,ssimioli1h@cnet.com,OpOxh55qmNx,Skyler Simioli,Latlux,1
55,wfitchell1i@addtoany.com,TAinYOj1HE,Wit Fitchell,Hatity,1
56,mcatanheira1j@squarespace.com,YOfFtpfMHk,Melisandra Catanheira,Zamit,3
57,jnigh1k@topsy.com,ILFhAJ2wvL,Jacinta Nigh,Fix San,3
58,cevenden1l@sogou.com,rgw5MNiN6A,Christy Evenden,Stim,2
59,apengilly1m@eepurl.com,vkPH7Me,Ambrosio Pengilly,Hatity,1
60,ztomaselli1n@usgs.gov,lLMjMPXSJvj,Zelig Tomaselli,Overhold,2
61,gshekle1o@yahoo.co.jp,5d40x92D5,Gussy Shekle,Flowdesk,3
62,aodowne1p@reference.com,I0fxMp,Anderson O'Downe,Otcom,1
63,dclements1q@mapy.cz,hJASgFywAT2,Darci Clements,Daltfresh,1
64,bdougharty1r@newsvine.com,BNk7XTFT,Bobbie Dougharty,It,3
65,wphizackarley1s@skyrock.com,GlWIpWhxSbUR,Whitney Phizackarley,Trippledex,3
66,kmarushak1t@smugmug.com,9EJlDxK6ntP7,Kirsteni Marushak,Konklux,1
67,awarby1u@bluehost.com,ijAcOtOmWpEK,Anallese Warby,Fixflex,1
68,afancott1v@issuu.com,w3jwhqR,Anson Fancott,Kanlam,3
69,tfulger1w@angelfire.com,z7bsPnHWdq,Tamarra Fulger,Viva,3
70,lbussel1x@accuweather.com,yflb4P,Lorenzo Bussel,Treeflex,2
71,esign1y@ocn.ne.jp,6MqfUxz,Ema Sign,Flexidy,3
72,ahurlestone1z@soup.io,2mkC5ucsBH5,Ambrosius Hurlestone,Solarbreeze,2
73,lwinham20@cnn.com,oYWFihrTbcXO,Liliane Winham,Hatity,3
74,erhead21@addtoany.com,JyTDTyMB,Estel Rhead,Zamit,3
75,eguyers22@reverbnation.com,ZxPdaza,Emeline Guyers,Tempsoft,1
76,ecoxon23@chicagotribune.com,tieNFs0JaEF,Ellissa Coxon,Treeflex,3
77,agardner24@imageshack.us,ioyvgT,Angele Gardner,Bytecard,1
78,rvasovic25@wsj.com,KsXlM5,Rhett Vasovic,Alpha,3
79,tfootitt26@geocities.com,Kkwa0rkkB,Thomas Footitt,Latlux,3
80,rcapron27@yahoo.co.jp,9jYlWicyaC,Rriocard Capron,Transcof,3
81,ahughlock28@yahoo.com,Q18T8t6Onk,Antonetta Hughlock,It,3
82,gbirrane29@hp.com,8HJND42bVL0,Glennie Birrane,Alphazap,2
83,ploudian2a@census.gov,PqdckOb,Page Loudian,Duobam,2
84,efanshaw2b@ifeng.com,4cEzOe8TD,Essy Fanshaw,Bigtax,2
85,acraiker2c@dagondesign.com,D4ZZf6,Abel Craiker,Regrant,3
86,wgrolmann2d@mail.ru,Kbb6rfgYn,Wilmer Grolmann,Viva,3
87,tbeedle2e@geocities.com,JGWGUxrgiJ6,Taite Beedle,Sub-Ex,3
88,ffeltham2f@cnet.com,G5SeH7aup,Fairleigh Feltham,Zaam-Dox,2
89,rmaccumeskey2g@over-blog.com,XTeHxRuyVQD,Rafi MacCumeskey,Vagram,3
90,zcameli2h@java.com,YDMaYGG7aI3k,Zaccaria Cameli,Otcom,1
91,rlepiscopi2i@eventbrite.com,w8qygGZ,Ronnie L'Episcopi,Rank,1
92,doldford2j@intel.com,IRoaFLbvrX,Domingo Oldford,Rank,1
93,znewarte2k@sbwire.com,mabQNOJIGT,Zulema Newarte,Bamity,1
94,ctarling2l@harvard.edu,ATyX5Lra,Chelsae Tarling,Sonsing,3
95,frobison2m@mail.ru,Wvhm5a,Fair Robison,Zaam-Dox,3
96,esinnatt2n@yellowbook.com,ujgUlPKGncyK,Elianore Sinnatt,Vagram,3
97,belsley2o@rediff.com,avUMBSpc3YCe,Bird Elsley,Bitwolf,3
98,drolstone2p@merriam-webster.com,yIYZynq30,Diego Rolstone,Zamit,3
99,rboswell2q@bloglovin.com,RIyz7NT,Rina Boswell,Tin,3
100,cdummett2r@state.gov,fCOU6OEdZT,Carolee Dummett,Overhold,2
101,wkelcey2s@tripod.com,jYGNvN7M4,Weidar Kelcey,Stringtough,3
102,rde2t@independent.co.uk,UZ0sOC,Roi De Lasci,Cardguard,3
103,dluciano2u@mapy.cz,v7Q5xHBMQe,Domini Luciano,Temp,2
104,wpargent2v@sciencedaily.com,iEdgMUr,Webster Pargent,Keylex,1
105,kedinborough2w@delicious.com,cxbwwOuaREX,Khalil Edinborough,Mat Lam Tam,2
106,akobiela2x@gravatar.com,ClfqLkQV,Alta Kobiela,Flowdesk,2
107,vodhams2y@weebly.com,r1pvyqpZeWws,Valeria Odhams,Ronstring,1
108,bhan2z@barnesandnoble.com,MGrnMkDrJqq,Berk Han,Sonair,1
109,bwassell30@usda.gov,DdWSZU3SvaLC,Bryn Wassell,Konklab,2
110,ncoulter31@apple.com,ZQ2nVwtr,Nefen Coulter,Rank,1
111,kmcartan32@friendfeed.com,aMDMEyny,Karie McArtan,Tin,1
112,dstapylton33@harvard.edu,QtXQO5Y,Drusie Stapylton,Lotlux,1
113,jchatwin34@dailymotion.com,vXXHJxNC,Josh Chatwin,Treeflex,3
114,radne35@amazon.co.uk,wQQbW7vwKrV,Reagan Adne,Matsoft,3
115,ukopps36@wunderground.com,fkPCpyCpii92,Ursulina Kopps,Flexidy,2
116,dinnot37@shinystat.com,7vDLb90a6CB,Daryl Innot,Stronghold,3
117,cyude38@jalbum.net,W3MaFktovW,Celestia Yude,Domainer,2
118,jclare39@moonfruit.com,WHs11uc2PFEL,Julius Clare,Tampflex,3
119,akleinstub3a@virginia.edu,WeTM5j5dg9fG,Annissa Kleinstub,Treeflex,1
120,amacelharge3b@hud.gov,7DJ05azOq,Axe MacElharge,Regrant,2
121,ucummine3c@cyberchimps.com,rRm4CouY,Ulrikaumeko Cummine,Matsoft,1
122,fpunchard3d@bbb.org,PpWgtNKm,Filmore Punchard,Overhold,3
123,eakett3e@un.org,Li1f53g5U,Esteban Akett,Bitwolf,3
124,mlemanu3f@prlog.org,rYimfKJU,Myrilla Lemanu,Subin,1
125,pbasilio3g@army.mil,Jo5H9YEaDUB,Pet Basilio,Duobam,3
126,spassie3h@mysql.com,vHodqF,Sayre Passie,Bytecard,2
127,cjaime3i@infoseek.co.jp,gDhrm5cNUDq4,Carlyle Jaime,Sonsing,2
128,wmcdowell3j@java.com,WAw7g6B30,Wanids McDowell,Zamit,2
129,vskerritt3k@smugmug.com,kNYxZRN,Veronike Skerritt,Sonair,2
130,dpawlyn3l@printfriendly.com,Lt46QeH,Devon Pawlyn,Lotstring,3
131,vshilstone3m@timesonline.co.uk,XgjJ1GCd0,Viole Shilstone,Voltsillam,3
132,candrusyak3n@auda.org.au,cVm29XfsiI,Charmine Andrusyak,Duobam,2
133,ckings3o@toplist.cz,bRMv8TFQE,Colver Kings,Zoolab,3
134,cdearell3p@bloglines.com,9rkDegNeX,Carmelina Dearell,Tres-Zap,3
135,bbeviss3q@hhs.gov,qvsaPT,Brion Beviss,Tres-Zap,1
136,kheinsius3r@infoseek.co.jp,eeB2WKF3Q,Kit Heinsius,Y-find,1
137,rhardern3s@live.com,ZjuyxJ8shI,Roosevelt Hardern,Bigtax,1
138,pdaughtry3t@mediafire.com,UMXG6JH91c,Pavlov Daughtry,Alpha,2
139,kpaolini3u@newyorker.com,020RrRc4,Katha Paolini,Zathin,2
140,clebreton3v@blogger.com,8adW6F,Cathee Lebreton,Cookley,1
141,jferminger3w@bbb.org,k6k0LGwm,Joline Ferminger,Konklux,1
142,shacquard3x@tinyurl.com,NO66WD,Silvester Hacquard,Voltsillam,1
143,cteaser3y@ox.ac.uk,uG7iwQ,Charlene Teaser,Latlux,1
144,matyeo3z@free.fr,8f0rl5,Melisande Atyeo,Alphazap,1
145,gwindram40@bloglovin.com,0OvVw9EE,Giacomo Windram,Zaam-Dox,1
146,jmustoe41@w3.org,gaM07NMo,Jermaine Mustoe,Lotlux,2
147,ddalgarnowch42@yellowbook.com,HsQf6ECiwOM,Davey Dalgarnowch,Zoolab,3
148,cpennini43@gizmodo.com,dHEFfH52E,Chevy Pennini,Hatity,3
149,nallward44@dedecms.com,cbQkaf,Nannette Allward,Bitwolf,3
150,sde45@hubpages.com,GT1YcbcbN,Stephan de la Tremoille,Zoolab,2
151,gheadford46@deviantart.com,EW5f3rNzxtr2,Georgette Headford,Subin,3
152,rsparkes47@shutterfly.com,9Iq24DJSj49,Rona Sparkes,Tampflex,2
153,tcaunter48@bbb.org,o9RfOQt,Tedmund Caunter,Bamity,1
154,mfoulstone49@addtoany.com,POzA16L,Milli Foulstone,Tin,2
155,lbeetham4a@nyu.edu,DjU7od,Lauri Beetham,Veribet,1
156,ccolicot4b@mediafire.com,JzUliiP3X,Carmelina Colicot,Keylex,3
157,ccroyser4c@oakley.com,nkjushdJViu,Cherilyn Croyser,Toughjoyfax,3
158,acuruclis4d@hexun.com,R4i2817blzD,Ambrosius Curuclis,Bigtax,2
159,mpudsall4e@npr.org,5Egk9XSVwf5A,Melodie Pudsall,Aerified,3
160,cmacallester4f@google.co.uk,EtcMInqpx,Corbet MacAllester,Mat Lam Tam,3
161,tde4g@sogou.com,A269woCClWl,Tim De Haven,Asoka,3
162,cchaddock4h@yellowbook.com,UObKeSRGADg9,Clayton Chaddock,Alphazap,1
163,rfilchakov4i@archive.org,fIPlpr,Rochella Filchakov,Trippledex,3
164,mcuesta4j@goodreads.com,ZAdAMqO7an,Maggi Cuesta,Zontrax,2
165,akelly4k@utexas.edu,QzZxbQb,Abey Kelly,Redhold,1
166,jsummerson4l@theglobeandmail.com,YPOSds5ud7oY,Jobie Summerson,Tin,2
167,lbarcroft4m@geocities.jp,Qzn9UFMCKltk,Livvy Barcroft,Ronstring,2
168,csargint4n@nbcnews.com,iH9tQiQiWBB,Cale Sargint,Flexidy,3
169,wyushkov4o@bloomberg.com,ZrPxYC,Wernher Yushkov,Ventosanzap,2
170,tgeaney4p@ox.ac.uk,Zazj28pgw,Tera Geaney,Bitwolf,1
171,pnorthill4q@hexun.com,l5k45l,Pancho Northill,Cookley,3
172,tsevin4r@themeforest.net,8ZVbNld,Terrell Sevin,Wrapsafe,1
173,eottawell4s@artisteer.com,QNfzVLO5WJ,Emory Ottawell,Overhold,3
174,wfallow4t@posterous.com,66I7cUYKC,Waylan Fallow,Tempsoft,2
175,zlefridge4u@vimeo.com,jYZkzM8m,Zitella Lefridge,Voltsillam,3
176,wocahill4v@bbb.org,qUacaP,Warner O'Cahill,Flowdesk,2
177,rtaborre4w@vkontakte.ru,kPNYFMuF607j,Reuben Taborre,Sonsing,1
178,louslem4x@facebook.com,yjKH6Z,Lloyd Ouslem,Regrant,2
179,htimoney4y@wikispaces.com,TYIr1ad,Hanson Timoney,Bytecard,2
180,bmanion4z@e-recht24.de,qUAlzena0,Bailie Manion,Holdlamis,3
181,gramsden50@theatlantic.com,OuFYD7oo,Gilda Ramsden,Temp,2
182,cskerme51@fastcompany.com,pMPSr95hitUU,Cesaro Skerme,Konklab,3
183,ppendrid52@cnbc.com,Jz3KoJY,Peta Pendrid,Overhold,3
184,nlockie53@csmonitor.com,L8ag8X,Noella Lockie,Temp,2
185,harend54@dedecms.com,34Wfznfpmy,Horatio Arend,Quo Lux,3
186,lfedder55@reverbnation.com,0FkA6IFnHto,L;urette Fedder,Zathin,2
187,knorthcliffe56@jalbum.net,vx6LgpIuTM,Kacey Northcliffe,Keylex,3
188,lwhitwell57@miitbeian.gov.cn,LZoQRwymAEFT,Linn Whitwell,Tin,2
189,tbilliard58@hao123.com,ZxaApb,Terra Billiard,Holdlamis,2
190,rdomaschke59@liveinternet.ru,B6vyLqXDn4c,Rance Domaschke,Toughjoyfax,1
191,cpavier5a@reuters.com,16lXuPhNL,Clark Pavier,Bitchip,1
192,tescalero5b@unc.edu,yJJ3cgql,Torrie Escalero,Duobam,2
193,mo5c@newsvine.com,qltSFja200M0,Marta O' Lone,Sub-Ex,2
194,gkidstoun5d@reverbnation.com,9yGmUhsI,Gauthier Kidstoun,Cardify,1
195,bsercombe5e@tripadvisor.com,CbJQzm2m5Yj,Bibi Sercombe,Stringtough,1
196,rprudence5f@auda.org.au,cdQ2LvV,Rex Prudence,Ronstring,2
197,mkimberley5g@1688.com,Q8MSGTr7wQic,Marianna Kimberley,Tresom,3
198,mglaisner5h@npr.org,zN6yknVS7,Melissa Glaisner,Duobam,2
199,mtrusty5i@wikispaces.com,6xPmyAwd,Meg Trusty,Wrapsafe,1
200,sdenness5j@bing.com,t8WQlaw,Stefano Denness,Domainer,1
201,mthames5k@sphinn.com,5TLNFUNFxH2,Moe Thames,Bigtax,2
202,hdawltrey5l@reference.com,9ClTEMKQ,Haley Dawltrey,Y-Solowarm,3
203,telsey5m@boston.com,QpI1HB5cl57,Tanitansy Elsey,Regrant,1
204,jduckworth5n@ehow.com,kns5XOT0iP,Jarvis Duckworth,Temp,2
205,iemmens5o@hatena.ne.jp,EMapju9Q,Idette Emmens,Vagram,1
206,tritmeyer5p@usgs.gov,I0KB09n,Thayne Ritmeyer,Alphazap,2
207,lraye5q@ifeng.com,5JyipQBpWH,Laure Raye,Mat Lam Tam,3
208,aeilert5r@xinhuanet.com,aFUFkLga2TM,Aylmar Eilert,Span,3
209,bwoolfall5s@taobao.com,Ed8XK7NiUq7,Belle Woolfall,Home Ing,1
210,cgumn5t@canalblog.com,gFw9JIY,Carmencita Gumn,Biodex,2
211,dcordeau5u@surveymonkey.com,rpcLHL,Desiri Cordeau],Fintone,2
212,aharvatt5v@scientificamerican.com,5PC91FQ47PE,Arel Harvatt,Flexidy,3
213,astump5w@miibeian.gov.cn,Sa6u8l9LEY,Adam Stump,Aerified,1
214,etoffoloni5x@blogs.com,mx6QlHZ,Ericha Toffoloni,Holdlamis,1
215,dkillingsworth5y@dropbox.com,eFaPKe54y,Debi Killingsworth,Lotlux,3
216,gebourne5z@berkeley.edu,dlTCRNA,Granville Ebourne,Tin,2
217,ppreston60@simplemachines.org,aDBAS6,Piggy Preston,Matsoft,3
218,nlandeg61@slate.com,9YVnb9efoWCD,Nahum Landeg,Bigtax,1
219,sbrumwell62@technorati.com,CPTQod7h2,Shalne Brumwell,Latlux,1
220,bgow63@disqus.com,cAeC6sScjz2,Brina Gow,Ronstring,3
221,mdrynan64@studiopress.com,z2jEAUxYRJ38,Mose Drynan,Trippledex,1
222,fsmeeton65@ca.gov,8J3XjwhtkQtS,Farrah Smeeton,Latlux,1
223,efeldmark66@yelp.com,WCnd9Mwkb,Emerson Feldmark,Vagram,3
224,dbosomworth67@smh.com.au,L6WnNfwRAcpc,Donella Bosomworth,Tresom,3
225,jferrarese68@wiley.com,I4PbN4txtA2C,Jae Ferrarese,Redhold,2
226,dhonig69@yellowbook.com,WctPnqj8S,Davina Honig,Sub-Ex,1
227,kthornally6a@live.com,SIJBYQvEGpt,Karel Thornally,Latlux,2
228,mquaintance6b@nature.com,FaGMVtD,Margit Quaintance,Tempsoft,3
229,rsully6c@qq.com,B5DIwKjzIg,Robinia Sully,Trippledex,1
230,hcocozza6d@hexun.com,CEOhIq,Horace Cocozza,Transcof,1
231,semps6e@businessweek.com,7nbrc5cLZbSd,Sherwin Emps,Bitchip,1
232,bdougharty6f@narod.ru,JlzPyCZO6Ly,Benton Dougharty,Stronghold,2
233,wgallyhaock6g@feedburner.com,B0RPNfti,Wittie Gallyhaock,Bitchip,2
234,mchalcraft6h@blog.com,Mp5f1QMJou,Maridel Chalcraft,Transcof,1
235,kvaliant6i@reference.com,LJjvQfQ4,Kordula Valiant,Hatity,1
236,tprodrick6j@netscape.com,m8HRD662I7,Tristam Prodrick,Tin,2
237,jmallabone6k@tinyurl.com,8NRtoaSvXgL,Jonell Mallabone,Fixflex,1
238,pwilkowski6l@ucoz.ru,yK95Pe7S0K,Percy Wilkowski,Span,1
239,gmunt6m@walmart.com,rrkjE8q,Griffin Munt,Transcof,3
240,agardiner6n@marriott.com,Zgc6zyKngoWz,Araldo Gardiner,Opela,2
241,ele6o@auda.org.au,YXFQy7MHzi,Etta Le Marchant,Holdlamis,2
242,qgrunwald6p@yahoo.com,QBg4Lq8p39y,Quintus Grunwald,Lotstring,2
243,mmabbott6q@printfriendly.com,KiULpmsMPq8k,Mendy Mabbott,Andalax,2
244,crobatham6r@weibo.com,1kn6hmNC,Care Robatham,Tresom,1
245,rhambatch6s@taobao.com,Ab9TMcZYf,Ros Hambatch,Voyatouch,2
246,mmillom6t@vistaprint.com,fH7LQZWWQ,Margette Millom,Treeflex,3
247,tcarruthers6u@statcounter.com,Ydv3LFoi5R,Tarra Carruthers,Latlux,3
248,cromanski6v@desdev.cn,BrjEH0,Clyve Romanski,Solarbreeze,1
249,kcooksley6w@discovery.com,aa86LZx,Keenan Cooksley,Tempsoft,2
250,ckigelman6x@vinaora.com,MXSaVwsnp,Coralyn Kigelman,Cardify,3
251,brodgman6y@cdc.gov,pLC1SxY1b1rh,Barr Rodgman,Biodex,2
252,strenaman6z@1und1.de,l64RuDQkkYP,Sabine Trenaman,Prodder,1
253,bbellchamber70@bloglines.com,NIfYoWbeuN,Bryn Bellchamber,Tin,3
254,njaan71@microsoft.com,HMXpjBnMYwg,Noel Jaan,Rank,3
255,ltettersell72@tamu.edu,KMBlA6LO,Lotta Tettersell,Veribet,1
256,kfeldklein73@apache.org,kFTx8sacFDI,Katina Feldklein,Bitchip,2
257,jelsegood74@tamu.edu,vnry9alDR,Jenelle Elsegood,Lotstring,2
258,mmatthesius75@google.ru,QanLmzPQ3EAC,Melva Matthesius,Toughjoyfax,3
259,cmcmeanma76@stumbleupon.com,dlfuzUnp,Cyndia McMeanma,Zoolab,1
260,blowsely77@utexas.edu,7wubaW5lIb,Broderick Lowsely,Wrapsafe,3
261,mhindsberg78@cnn.com,qmYcFChbS,Micheal Hindsberg,Zamit,1
262,rlaible79@indiatimes.com,al31twd,Rayshell Laible,Subin,2
263,tmaffeo7a@hatena.ne.jp,N0IkM9v,Tabby Maffeo,Keylex,3
264,adeathridge7b@nsw.gov.au,D6ouCLrvtrCH,Alessandra Deathridge,Tempsoft,3
265,mwoolveridge7c@acquirethisname.com,f6AmdGd,Myrah Woolveridge,Y-find,2
266,socorren7d@wisc.edu,2B63rWl,Stafani O'Corren,Bamity,1
267,cgreystock7e@sciencedaily.com,BHJSOUv7Ugb,Cathrin Greystock,Greenlam,1
268,ifollos7f@photobucket.com,aLRDpr,Isacco Follos,Ventosanzap,3
269,jemeline7g@gizmodo.com,4xaHScHHe,Jewelle Emeline,Bitwolf,3
270,etilberry7h@bluehost.com,KsGKh7,Ethelbert Tilberry,Latlux,2
271,blaurens7i@ebay.com,tniu5VlSsqr2,Borg Laurens,Voyatouch,2
272,fcrysell7j@eventbrite.com,vjSlnjWHY2wj,Farris Crysell,Ventosanzap,1
273,cmcskin7k@networksolutions.com,Rt7CtDwaX,Corly McSkin,Zamit,2
274,gdanniel7l@indiatimes.com,ilQZiQ9Vt,Garv Danniel,Alpha,3
275,checkner7m@whitehouse.gov,R2lTdxbUrnxW,Cass Heckner,Home Ing,1
276,gcato7n@indiegogo.com,tNaKPKZuXKjA,Gabriello Cato,Home Ing,3
277,achace7o@skyrock.com,0cSwuld,Augie Chace,Latlux,2
278,mkermath7p@arstechnica.com,sS9sS73,Maria Kermath,Overhold,2
279,clendrem7q@nih.gov,IEREO4IgfNF,Cesya Lendrem,Prodder,2
280,bfreund7r@hostgator.com,CZuxtP3,Biron Freund,Home Ing,2
281,phrinchishin7s@wiley.com,HMHKfxlsa1,Pascale Hrinchishin,Y-Solowarm,1
282,cshorie7t@instagram.com,OJ5cYGeV0,Colby Shorie,Zathin,2
283,jextill7u@google.com,VcX0CcF,Janith Extill,Tres-Zap,3
284,etailby7v@google.pl,sJI0uaJ8IO,Earlie Tailby,Fixflex,1
285,wsans7w@delicious.com,cEf2kh,Wakefield Sans,Domainer,3
286,dcapnor7x@posterous.com,jh25Rotao,Debor Capnor,Namfix,1
287,abaskwell7y@uiuc.edu,X06XwX,Allistir Baskwell,Tempsoft,1
288,dcardenosa7z@multiply.com,8hwPxe,Dane Cardenosa,Job,3
289,traiman80@booking.com,PPlX6B,Timmy Raiman,Keylex,1
290,bmordey81@blogspot.com,a6MEFa8AU,Billie Mordey,Ventosanzap,2
291,dmonckman82@usgs.gov,4eMjGh,Donnell Monckman,Sub-Ex,1
292,kmcness83@yelp.com,NBuASNATvsz0,Kip McNess,Flexidy,2
293,dkenyam84@ifeng.com,En5JUx,Dani Kenyam,Ventosanzap,3
294,ssign85@rambler.ru,vb4Q75,Stepha Sign,Rank,1
295,fisaq86@sfgate.com,M0Cs2Cv,Faber Isaq,Sonsing,3
296,rvedyaev87@infoseek.co.jp,V1zfjNh,Rosmunda Vedyaev,Tampflex,2
297,abevar88@bloglovin.com,RVL23GaZQly,Audie Bevar,Biodex,1
298,idoogue89@howstuffworks.com,vlv5Zi,Imogene Doogue,Tin,1
299,flawlie8a@ca.gov,3FYFq2CX,Feodora Lawlie,Veribet,2
300,rtrusler8b@yandex.ru,TVtIlQ,Redford Trusler,Holdlamis,2
301,srobson8c@elegantthemes.com,qmQ9VOU,Sloane Robson,Y-Solowarm,2
302,hchell8d@paginegialle.it,D1hgTuB,Hayley Chell,Temp,3
303,gmcwhirter8e@macromedia.com,yFaKIXd,Ginnie McWhirter,Konklux,1
304,gburgan8f@chron.com,pCT9gpm5bg,Grayce Burgan,Tres-Zap,2
305,fspriggs8g@tumblr.com,WmDWKdyr7lk0,Fifi Spriggs,Cardguard,3
306,rmathieu8h@cbslocal.com,lTSzPrkzm,Ralina Mathieu,Domainer,3
307,mswan8i@arizona.edu,E2p3iemn,Mirelle Swan,Voyatouch,2
308,sscamal8j@timesonline.co.uk,itgRAbbGfBjO,Sean Scamal,Tresom,2
309,mjopke8k@blinklist.com,HSGvmE0neo,Martguerita Jopke,Y-find,3
310,ubarabich8l@apache.org,Ro4MTqbcM,Ulysses Barabich,Ventosanzap,2
311,awatkiss8m@liveinternet.ru,YMrnz88rzz,Alyosha Watkiss,Bitwolf,3
312,fkliner8n@paypal.com,4JbCTgH,Felizio Kliner,Opela,1
313,clemmers8o@sogou.com,I9zFIfLWNSxR,Caleb Lemmers,It,1
314,alashmar8p@bluehost.com,8YlWMR,Aila Lashmar,Viva,1
315,kmakepeace8q@imgur.com,jjITPffCEU9,Karmen Makepeace,Treeflex,2
316,marnowicz8r@opensource.org,ARIWHmHl8PsC,Morgana Arnowicz,Namfix,3
317,kshaughnessy8s@yale.edu,sJBt37,Karlyn Shaughnessy,Lotlux,2
318,amccolley8t@yahoo.com,s4YuUeZFP,Alfy McColley,Flowdesk,3
319,denser8u@mysql.com,fU1QSPTyuXY,Daffie Enser,Solarbreeze,2
320,rstuckow8v@washington.edu,5eS6KNaYft,Reena Stuckow,Sub-Ex,1
321,mgounard8w@xing.com,1Mva7rz3mL,Maurizia Gounard,Daltfresh,2
322,moleszkiewicz8x@unblog.fr,ctCAwuhV,Moria Oleszkiewicz,Redhold,2
323,ltrees8y@flickr.com,V7gn9cldbvO5,Loralie Trees,Viva,3
324,jcostello8z@php.net,lwOEZd,Jasmine Costello,Ronstring,1
325,kbanasik90@freewebs.com,ySxrBZt,Kendrick Banasik,Stim,2
326,tyelland91@sina.com.cn,ugoD5q7,Tracy Yelland,Job,3
327,cbeviss92@google.it,haGqXUQHri,Caspar Beviss,Flexidy,3
328,gde93@springer.com,lIDwrxH3r,Giuseppe de Clerc,Tin,3
329,mshenley94@xing.com,K793PLv,Mikkel Shenley,Y-find,2
330,jrattry95@fema.gov,fE2TZjC8,Jerry Rattry,Greenlam,2
331,mbishell96@photobucket.com,5jhdLBcfH,Missie Bishell,Latlux,3
332,mgaliford97@cnn.com,Q9ODUDQBr,Maren Galiford,Voyatouch,3
333,rclynman98@instagram.com,BMxAVNEg,Roda Clynman,Stringtough,2
334,nmouse99@weather.com,iFYT7zsmoMV,Nels Mouse,Lotstring,2
335,tketteridge9a@ox.ac.uk,zFXAUePLHJ,Tam Ketteridge,Cookley,2
336,bpetrasch9b@liveinternet.ru,kLGGEW,Brenna Petrasch,Subin,2
337,criddler9c@amazon.com,qqE9pTI,Chiquita Riddler,Bytecard,3
338,rcallander9d@unicef.org,kVkNDhHpQ,Romola Callander,Kanlam,2
339,ccoxall9e@g.co,6TY1hnO,Cordey Coxall,Sonair,2
340,amounfield9f@pen.io,yCSgIeoW7Bz,Astrid Mounfield,Zaam-Dox,3
341,jyoakley9g@soup.io,Isfy6eSx,Jenny Yoakley,Fix San,1
342,bheams9h@blogspot.com,cRptvu,Blakelee Heams,Namfix,3
343,thindge9i@kickstarter.com,ALpcNQJPUi,Theresita Hindge,Y-find,2
344,fkach9j@loc.gov,LNf1HXAK7Jak,Foster Kach,Home Ing,2
345,bdeathe9k@infoseek.co.jp,pZ4QAky,Bernita D'eathe,Regrant,2
346,mdaymont9l@go.com,h7SxT2SCqf,Mallory Daymont,Otcom,3
347,jspreadbury9m@opera.com,5fquijMhAp5,Juliann Spreadbury,Ventosanzap,1
348,afarress9n@ebay.com,y2yyiwQ,Aleece Farress,Alpha,2
349,lprinnett9o@newyorker.com,KG8SvCCBhU,Leela Prinnett,Overhold,1
350,rranderson9p@hc360.com,oKZwQi7Yq4u,Raffarty Randerson,Job,3
351,jgrace9q@yelp.com,Ls5lymUyUNyz,Juanita Grace,Stronghold,3
352,rfrankcombe9r@purevolume.com,nYSwe1rni,Roderick Frankcombe,Regrant,3
353,ldovidian9s@surveymonkey.com,dl8RLN5F,Lena Dovidian,Treeflex,3
354,pyoungman9t@house.gov,n8rjZPk,Perle Youngman,Vagram,2
355,plancetter9u@imageshack.us,ksEYZg,Pris Lancetter,Stringtough,3
356,tfrankis9v@nhs.uk,cvDnNKzbK,Tracy Frankis,Zaam-Dox,1
357,rslayton9w@histats.com,pMH7lIv,Roberta Slayton,Prodder,1
358,ascotchforth9x@ycombinator.com,ffbMax,Alverta Scotchforth,Konklux,2
359,joffer9y@4shared.com,zenXowLJ1P,Jo-anne Offer,Konklab,3
360,rmccready9z@mtv.com,8mjT7W,Roosevelt McCready,Bigtax,2
361,jbernaseka0@tuttocitta.it,1QRtDUELL9x,Javier Bernasek,Job,1
362,tfakea1@tumblr.com,5yJhJoDL39C,Tim Fake,Overhold,3
363,cthuilliera2@51.la,3JG4vms,Chrissie Thuillier,Otcom,3
364,mzottolia3@mtv.com,err9NHs68kC,Massimiliano Zottoli,Ronstring,1
365,tflaritya4@hc360.com,GuM960F,Tabatha Flarity,Kanlam,3
366,rdottrella5@angelfire.com,xrxek72,Romy Dottrell,Gembucket,1
367,ntoppera6@ameblo.jp,EtQnur,Nessy Topper,Ronstring,3
368,cbodmana7@washingtonpost.com,e3bJZOFKg5,Chris Bodman,Stringtough,1
369,ntrailla8@macromedia.com,MTZYjyh0hkK,Neile Traill,Zamit,3
370,gilchenkoa9@indiatimes.com,tD7H3TS6,Gabrielle Ilchenko,Span,1
371,gminifieaa@scribd.com,DOwNTgdHmf52,Gage Minifie,Bitchip,3
372,mhillab@simplemachines.org,RsxlBTiufXI,Melamie Hill,Sub-Ex,3
373,prowsonac@oaic.gov.au,gp9qh7,Peta Rowson,Zontrax,1
374,jkondratovichad@wikia.com,IGUvIr9,Jeniffer Kondratovich,Bigtax,1
375,swetheredae@tinyurl.com,EAjk7XP8,Sibbie Wethered,Overhold,2
376,gcopingaf@xrea.com,WB0zBw2,Gypsy Coping,Stringtough,2
377,aoloshkinag@naver.com,t4GNxiIOI,Alexandros Oloshkin,Fix San,2
378,fhaggerwoodah@liveinternet.ru,mN27SrI,Fina Haggerwood,Overhold,2
379,lpierucciai@rambler.ru,Zp59sA,Leone Pierucci,Voltsillam,3
380,mtrounceraj@paypal.com,IBk6jS,Marietta Trouncer,Bitchip,3
381,merasmusak@google.com.br,4NAhde,Mireielle Erasmus,Vagram,1
382,jwoolfallal@spiegel.de,rlac4RjAvsj,Joanie Woolfall,Stringtough,1
383,ebassingdenam@wunderground.com,SXmCDv,Elinore Bassingden,Stim,3
384,bmitchleyan@google.pl,wFvbru,Brooke Mitchley,Stim,3
385,gwestmancoatao@symantec.com,oSQFjm5q3jm,Gail Westmancoat,Latlux,1
386,kbaffinap@jugem.jp,y5jl52,Kat Baffin,It,1
387,claityaq@sfgate.com,hVcBMsxaaVw,Cleveland Laity,Quo Lux,1
388,cgroucockar@zimbio.com,cxqnvLF7sf,Conney Groucock,Wrapsafe,3
389,llittlecoteas@prnewswire.com,cxYJ4v,Ly Littlecote,Redhold,1
390,pbenziat@netvibes.com,Djm6qJp,Pearle Benzi,Bamity,2
391,ksalzenau@a8.net,zQQskWrTS9Z,Kasper Salzen,Transcof,2
392,dladelav@ucoz.com,GLKwg0PiwM,Dacy Ladel,Keylex,3
393,awellsaw@narod.ru,Mzr0h4goQMgu,Avie Wells,Andalax,3
394,olacrouxax@google.co.uk,y5Oy8DDIe,Ollie Lacroux,Zoolab,3
395,temmaay@sciencedirect.com,ej2wCS,Theresita Emma,Tresom,2
396,apeterffyaz@aol.com,UV3ISK,Allx Peterffy,Voyatouch,1
397,mkorbmakerb0@usatoday.com,SWhrveKnTbLW,Maria Korbmaker,Kanlam,1
398,itessymanb1@msu.edu,LfndqfV,Ingrid Tessyman,Zoolab,1
399,nleb2@vistaprint.com,ughTxCwO,Nolly Le Fleming,Greenlam,1
400,kdeehanb3@wikispaces.com,iuD1e6DgHSc,Kathy Deehan,Flexidy,2
401,gradbandb4@hexun.com,K6NFePmVzj50,Glennie Radband,Zathin,2
402,ahartilb5@bravesites.com,LW0Nakw0xW,Arvy Hartil,Gembucket,1
403,eroizb6@tiny.cc,KQWOedqmaG,Emalia Roiz,Treeflex,1
404,psheftonb7@naver.com,0mb39u4izH,Pavla Shefton,Lotstring,1
405,mtebaldb8@desdev.cn,uzkTp0,Maighdiln Tebald,Aerified,3
406,mlesaunierb9@blogger.com,0SWOQDi5qF,Mikey Lesaunier,Otcom,1
407,srobertssonba@dmoz.org,iEHk3b2,Sheilakathryn Robertsson,Redhold,1
408,pmagarrellbb@amazon.com,JsQ8pIZmjjg0,Pris Magarrell,Veribet,3
409,ascotchforthbc@nasa.gov,1gkdhO3Na5,Alfie Scotchforth,Aerified,3
410,jfilipicbd@sohu.com,8mp4ON42T,Jack Filipic,Otcom,2
411,ffarrentbe@nifty.com,GCBR3qV,Florella Farrent,Zaam-Dox,2
412,etromanbf@amazon.co.uk,RIjL6av0,Elston Troman,Toughjoyfax,2
413,zjobbingbg@sphinn.com,IAwJJ9,Zachary Jobbing,Opela,2
414,fleismanbh@sina.com.cn,i9tQ4t,Ferdinande Leisman,Lotlux,1
415,gfarnhillbi@mozilla.org,YdRON0q3,Gabbey Farnhill,Stronghold,1
416,gmaniebj@hostgator.com,0FGPbWo89,Granger Manie,Treeflex,2
417,mfowgiesbk@example.com,idqtzYwo2I,Marlin Fowgies,Keylex,3
418,gderingtonbl@ycombinator.com,ZnG0NB4D5p9D,Greta Derington,Tampflex,1
419,htysackbm@usgs.gov,5vtiLbh7,Herta Tysack,Flowdesk,3
420,htudgebn@cyberchimps.com,lGAtUeL,Hallsy Tudge,Konklab,2
421,rhollingsbeebo@1688.com,iCvm4QjMrO6,Romola Hollingsbee,Stim,1
422,ccorteneybp@clickbank.net,uFbP0ENe1m,Chrisy Corteney,Mat Lam Tam,2
423,rsimmingsbq@independent.co.uk,3AHsFChELoUb,Reeta Simmings,Mat Lam Tam,1
424,cgrealybr@dyndns.org,RloS1s,Caitlin Grealy,Bigtax,1
425,aruoffbs@blogs.com,KZDvyC4QTv0,Astrix Ruoff,Sonsing,3
426,rmoneybt@army.mil,XWixTp4,Rossy Money,Tresom,3
427,lmorrelbu@smugmug.com,9zsj5MufKDv,Lorene Morrel,Asoka,3
428,pblonfieldbv@usa.gov,5qmGnOvH6,Pepillo Blonfield,Pannier,2
429,lsavorybw@wp.com,VPdOwWkfK,Lanae Savory,Flowdesk,3
430,edrengbx@yandex.ru,O6fvBcon1waX,Esma Dreng,Asoka,1
431,swhitlawby@noaa.gov,LOHTUss,Sanford Whitlaw,Zoolab,2
432,lcantrillbz@photobucket.com,ETVqYWq,Lilas Cantrill,Redhold,2
433,wtrittamc0@dion.ne.jp,1OWfxVe,Wini Trittam,Konklab,3
434,qwiddicombec1@fotki.com,MX51dyJNq,Quincey Widdicombe,Cookley,3
435,laventc2@wp.com,58DGP4C2qSBw,Lila Avent,Sub-Ex,1
436,ckesterc3@printfriendly.com,ACI7ywM,Cecily Kester,Keylex,1
437,wabramc4@mozilla.com,W86o0Hy,Wilbert Abram,Zathin,1
438,emouncherc5@so-net.ne.jp,EsUpdVM1TT,Eleonora Mouncher,Alpha,3
439,lohalloranc6@fda.gov,9EIdjBJX,Linell O'Halloran,Home Ing,1
440,sfuentec7@statcounter.com,FXYPHOH,Sharl Fuente,Hatity,3
441,gchristoffersenc8@state.tx.us,Yc7ucc,Gerti Christoffersen,Bytecard,2
442,nkubicac9@reddit.com,kFpIwLX,Norah Kubica,Zontrax,1
443,baizikowitzca@mac.com,lReYx0r0JFBX,Binny Aizikowitz,Flexidy,2
444,tballincb@livejournal.com,05b5O5,Torrie Ballin,Tres-Zap,3
445,cbateupcc@ft.com,0g8vEsCe,Cory Bateup,Lotstring,3
446,ogoggencd@goodreads.com,BlHDsEsURMAE,Oralie Goggen,Bitwolf,2
447,hadolfsence@census.gov,0bNufAe,Harper Adolfsen,Ronstring,3
448,epennycf@usatoday.com,7hs7LF,Enrika Penny,Vagram,2
449,lgallatlycg@wisc.edu,4jEOk3R2o,Levey Gallatly,Kanlam,2
450,dpacech@sbwire.com,pnpDVIrq5,Dale Pace,Bitchip,3
451,aodaci@irs.gov,J6MG5J,Allix Oda,Treeflex,3
452,frufcj@free.fr,LFwsSP9CfP2X,Fitz Ruf,Stronghold,3
453,pbondsck@go.com,yzsJSyuR,Poul Bonds,Otcom,2
454,jkillingworthcl@bloglines.com,dGwS7aa6KohE,Joshua Killingworth,Quo Lux,3
455,ubarnsdalecm@bluehost.com,c5RLWDNP6X9S,Umberto Barnsdale,Ventosanzap,2
456,fklausewitzcn@stumbleupon.com,LG4v6J,Forster Klausewitz,Stronghold,2
457,rattwoodco@intel.com,korjDH,Reilly Attwood,Bytecard,3
458,kallchorncp@home.pl,NRzET9X9mL,Kenn Allchorn,Home Ing,3
459,spurbrickcq@independent.co.uk,SYujjXS,Sylas Purbrick,Fix San,2
460,vbigmorecr@webs.com,PtIkXXEe0pLh,Vin Bigmore,Lotstring,2
461,mkeavescs@photobucket.com,pMuvJB5XU7z,Marla Keaves,Redhold,1
462,ulilleect@cmu.edu,ZGVy4xp2T,Ursula Lillee,Temp,1
463,sflemingcu@soup.io,8RnQ53,Sander Fleming,Mat Lam Tam,2
464,bpondjonescv@columbia.edu,pqAz3Wa,Benn Pond-Jones,Job,2
465,tgiannicw@privacy.gov.au,IkfvdF,Tallou Gianni,Otcom,1
466,amowsoncx@adobe.com,txjmmGgq9FZ,Amby Mowson,Transcof,2
467,bhaywoodcy@nationalgeographic.com,CcdMhn8DMqhz,Bonita Haywood,Y-Solowarm,1
468,csivellcz@deviantart.com,YW96pB,Cesare Sivell,Flexidy,1
469,dspenclayd0@miibeian.gov.cn,FL55cU,Davin Spenclay,Domainer,2
470,lcordsend1@apple.com,WzfWmZDFi,Lindy Cordsen,Y-Solowarm,1
471,ihaselupd2@seesaa.net,EVdhOYYDR9,Ingram Haselup,Konklab,2
472,cfritchlyd3@discovery.com,fgJSTeh,Cornelius Fritchly,Rank,1
473,jyerrilld4@who.int,m5MCSi,Jeri Yerrill,Zathin,3
474,tgalerd5@oracle.com,gzZgJ8HczxQe,Thomasine Galer,Konklux,3
475,bheskeyd6@icq.com,7pE45pEm5,Bidget Heskey,Veribet,1
476,aschachterd7@google.co.uk,hMhppu1LW,Adaline Schachter,Andalax,3
477,pstandaged8@nationalgeographic.com,oD4AQMgfb,Pascal Standage,Wrapsafe,2
478,strautd9@mysql.com,xm23gR4uTuS,Sigismond Traut,Bitchip,2
479,dblucherda@ocn.ne.jp,FfsRATPZ,Donni Blucher,Job,1
480,sdionsettodb@chronoengine.com,J38kNm,Suzette Dionsetto,Stronghold,1
481,rsturtondc@cnbc.com,o8fJurY7IeCO,Rickie Sturton,Alphazap,3
482,kkiehnedd@goo.gl,xhM5Vcb,Kassia Kiehne,Tres-Zap,1
483,bleddyde@economist.com,C5JnApZk,Blinni Leddy,Trippledex,2
484,rgreberdf@youtu.be,LcDLhPQ1,Ronni Greber,Namfix,1
485,gmactrusteydg@instagram.com,3ozH6q,Garrot MacTrustey,Bitwolf,3
486,gwindrossdh@is.gd,HzI4OU,Gilbertine Windross,Treeflex,2
487,thansoddi@hhs.gov,1ok76X7A,Tuck Hansod,Bitwolf,3
488,mstowelldj@ox.ac.uk,fHuTLF5ibqGg,Marvin Stowell,Domainer,2
489,tborgedk@bloomberg.com,sTTN9laxki,Taylor Borge,Overhold,2
490,mcanepedl@indiegogo.com,ElQmeDF96miO,Mellie Canepe,Toughjoyfax,1
491,mchrishopdm@ted.com,wrp9IVxZJuz,Melita Chrishop,Transcof,1
492,rshillakerdn@taobao.com,ZSZoS3pZ,Rodolph Shillaker,Overhold,2
493,fbarkesdo@samsung.com,kJyLaNXgBxli,Fanchette Barkes,Tres-Zap,3
494,mquiltydp@home.pl,GGLRzn,Misha Quilty,It,3
495,aallchornedq@eepurl.com,ZNtHMx,Annis Allchorne,Ronstring,3
496,ccushdr@wsj.com,lqLAzQtMX,Carlynn Cush,Zathin,2
497,dluardds@craigslist.org,Qfb4Vdfnzu,Dosi Luard,Temp,2
498,cbracherdt@webmd.com,1LMKbqx59Yh,Calida Bracher,Y-find,2
499,dbladesdu@cisco.com,OkY8vDVc,Dud Blades,Otcom,3
500,edambrogiodv@rakuten.co.jp,1Uv71w,Ediva D'Ambrogio,Bigtax,2
501,kmcgarrelldw@mozilla.org,XzR4Q1,Kaycee McGarrell,Temp,3
502,vmcneilliedx@netvibes.com,Z7UCyfMzgt,Vikky McNeillie,Tampflex,3
503,hleetedy@netvibes.com,TWXaCGzAAfpm,Henrietta Leete,Sub-Ex,3
504,llippittdz@shop-pro.jp,6LkvvXaybk,Lainey Lippitt,Fixflex,1
505,bbritziuse0@cornell.edu,z1xNH0EjM5y,Berkly Britzius,Job,1
506,hcatonnete1@businessweek.com,qco6JB,Hillier Catonnet,Veribet,2
507,thinchame2@jigsy.com,MoqGdxjr,Taber Hincham,Fix San,1
508,cmossbeee3@epa.gov,wk0Km9,Collen Mossbee,Tres-Zap,1
509,mrosengarte4@patch.com,l7eXAG,Madel Rosengart,Konklux,2
510,lgowanse5@omniture.com,tClDzeI,Leonanie Gowans,Ventosanzap,2
511,cambridgee6@pcworld.com,ALzdxujF,Ciel Ambridge,Stringtough,2
512,ndreighere7@dmoz.org,Xp37DOnoT,Natividad Dreigher,Voltsillam,3
513,bfrancescoe8@sogou.com,vMAB5IA5ya,Bartel Francesco,It,1
514,asisslande9@liveinternet.ru,j2IE16dVIWy,Ariel Sissland,Prodder,3
515,bmontfortea@springer.com,FHmvVP,Bobine Montfort,Prodder,3
516,gtanslieeb@etsy.com,h6M2hNZ,Geoff Tanslie,Voyatouch,3
517,ehanrahanec@typepad.com,VmLw7Bg98T,Estell Hanrahan,Span,2
518,rdeed@washington.edu,04uPsOlqnKd2,Rockie De Biaggi,Zathin,1
519,jfitchewee@cbslocal.com,ea1CPc2C,Judon Fitchew,Bitchip,2
520,epeplowef@economist.com,jWPIVjKd,Elbertine Peplow,Sonair,2
521,ytorreg@europa.eu,gt0Bb6bNnt,Yasmeen Torr,Vagram,3
522,lpenderedeh@nhs.uk,Nu9uJvjlD,Lorinda Pendered,Opela,3
523,ghryncewiczei@globo.com,dRMqwx,Gonzales Hryncewicz,Toughjoyfax,3
524,hverickej@facebook.com,9bzALy0O,Henrietta Verick,Veribet,3
525,olusherek@buzzfeed.com,1z5dD8zOd,Obadias Lusher,Ventosanzap,1
526,rgoodbairnel@abc.net.au,TuJwKyh,Roley Goodbairn,Daltfresh,2
527,jcolbournem@nationalgeographic.com,vUa1A1IJuO,Job Colbourn,Lotlux,1
528,awilloughbyen@narod.ru,k3LwE8dVxo5,Albertina Willoughby,Cardify,1
529,edalbyeo@wix.com,asVDBM,Elke Dalby,Voltsillam,2
530,jfitchettep@google.ru,cfKCxs3,Jon Fitchett,Cardify,2
531,cbooteeq@netscape.com,mT9i2o,Colette Boote,Ventosanzap,1
532,fheepser@ow.ly,A4wMmhPxhW,Forbes Heeps,Redhold,3
533,ehatfieldes@npr.org,rIERCYKmqwO2,Evelin Hatfield,Fix San,1
534,mdanicket@spotify.com,ceezdrvh4iC,Milka Danick,Sub-Ex,1
535,eoguzeu@engadget.com,1wbGm1UXebnu,Etheline Oguz,Aerified,1
536,fduckelsev@trellian.com,b2ouInbl,Francis Duckels,Wrapsafe,2
537,aglassmanew@studiopress.com,IQlxVc1LScf,Ardith Glassman,It,1
538,aghelardiex@cnn.com,fYP784gA,Alena Ghelardi,Kanlam,2
539,cseemaney@npr.org,6vSCtG,Charmane Seeman,Voltsillam,1
540,ahelliarez@arizona.edu,0e8l34,Alysia Helliar,Toughjoyfax,3
541,fdentithf0@amazon.com,GkpGcR0OfH,Falkner Dentith,Bitwolf,3
542,twesternf1@washingtonpost.com,0NN1wXjlKt,Tatum Western,Tres-Zap,1
543,ehancornf2@angelfire.com,x2vBk4oKs,Ekaterina Hancorn,It,3
544,sjeffressf3@histats.com,4DFzFCjp,Skelly Jeffress,Namfix,3
545,mvamplersf4@a8.net,Gf6GEAZevhrt,Melly Vamplers,Bigtax,1
546,bchreef5@wikipedia.org,Ip3wjIGMSWd,Bliss Chree,Andalax,1
547,fmatyushkinf6@51.la,wRJcW8A,Fredek Matyushkin,Duobam,1
548,gfortinf7@mayoclinic.com,upfYILA3M,Galen Fortin,Zaam-Dox,1
549,glichtfothf8@washingtonpost.com,DFFksCRq1,Glenn Lichtfoth,Tampflex,2
550,ahawleyf9@networkadvertising.org,dws1yhnLn,Avigdor Hawley,Konklux,1
551,obarrassfa@pbs.org,ZN7vgYrJX6,Octavia Barrass,Tres-Zap,3
552,jcrittenfb@t.co,Hypfs3,Joelynn Critten,Gembucket,3
553,dmustchinfc@va.gov,BdrRR1FpYV,Daisey Mustchin,Otcom,2
554,sjenkinsfd@google.de,ctVb3ZLz,Sascha Jenkins,Rank,3
555,gbodicamfe@stumbleupon.com,U0guydKb,Gabriel Bodicam,Bitwolf,1
556,mdilgarnoff@freewebs.com,VXnbrnE2,Matty Dilgarno,Zontrax,2
557,whammattfg@plala.or.jp,hh6uvW,Wynnie Hammatt,Ronstring,1
558,npiechnikfh@pbs.org,FHvolqtTaL,Ninnetta Piechnik,Kanlam,2
559,ssandisonfi@paypal.com,ShJTQS,Skye Sandison,Matsoft,2
560,kglassfordfj@paginegialle.it,ElZteRDp,Karoly Glassford,Stronghold,2
561,goldingfk@arizona.edu,brvVd3yQ4,Gabriell Olding,Hatity,1
562,hkristofferssonfl@discovery.com,AACaMkx,Hazel Kristoffersson,Ronstring,1
563,ytornsfm@feedburner.com,wOH8TGgSO,Ynes Torns,Vagram,2
564,dsneddonfn@storify.com,LmNE3Z,Dulci Sneddon,Stim,2
565,snewbandfo@china.com.cn,68ieRTb53VF5,Shelley Newband,Aerified,2
566,rdignonfp@google.co.uk,nKy7hAkst,Romain Dignon,Voltsillam,3
567,wokennavainfq@howstuffworks.com,0FcIGpG,Waring O'Kennavain,Gembucket,2
568,bfrancktonfr@hubpages.com,8zZSOMHoE,Bourke Franckton,Prodder,2
569,shenrionotfs@imdb.com,WaEyWuh3,Sarina Henrionot,Zaam-Dox,3
570,clovelandft@cafepress.com,rLuR2O,Coletta Loveland,Konklab,3
571,otoombesfu@rakuten.co.jp,YZvfn5Hy,Olav Toombes,Voyatouch,3
572,acuthbertfv@networkadvertising.org,ssOxZFu2o,Aldin Cuthbert,Overhold,3
573,vurwenfw@seesaa.net,V4MOkl0MPVpJ,Venita Urwen,Viva,3
574,ssynkefx@vkontakte.ru,qYD6U6mqB85f,Sheffy Synke,Vagram,2
575,mnaseyfy@photobucket.com,Wh5LwNfkbBX,Markus Nasey,Biodex,1
576,mfolbiggfz@tinyurl.com,QbuDehsWMDA,Margaretha Folbigg,Veribet,1
577,tcurrellg0@github.com,paSaZZ,Tine Currell,Fix San,1
578,jwhiffing1@behance.net,YZA6xv,Josias Whiffin,Temp,2
579,wgrimg2@ameblo.jp,PRVfSv,Ward Grim,Redhold,1
580,mcripleg3@sciencedaily.com,ZrSG82,Mordy Criple,Holdlamis,3
581,pmccathyg4@clickbank.net,nTZorRZak7,Prissie McCathy,It,2
582,mbilleg5@livejournal.com,T8wNvg,Mae Bille,Stim,3
583,lweineg6@ft.com,1RgHcFRP,Leonard Weine,Sub-Ex,3
584,lspaiceg7@g.co,0NwpLCeqkKnu,Lettie Spaice,Tempsoft,1
585,eoglessaneg8@yelp.com,hWobMJdJaGJ,Emelen O'Glessane,Greenlam,3
586,rreveyg9@wikipedia.org,enothyras,Ranique Revey,Transcof,1
587,bscholeyga@lulu.com,km79YhUuC07g,Briant Scholey,Cardguard,3
588,ggalierogb@unc.edu,iDaKh3,Gabriellia Galiero,Zontrax,3
589,nhuonicgc@aol.com,cyNDPkQYPA0V,Neel Huonic,Stronghold,1
590,rianittellogd@nationalgeographic.com,fiV4Fx,Riva Ianittello,Aerified,2
591,rwithropge@yolasite.com,6r4ys4,Rosamond Withrop,Tresom,3
592,lwarnockgf@flickr.com,BXA5rB19mzBW,Lynn Warnock,Tempsoft,1
593,mkneathgg@about.com,p9GadmSuscPN,Maria Kneath,Job,2
594,jchapiergh@tinypic.com,o5W8Bk8NUbt3,Joelle Chapier,Tresom,1
595,mjordangi@wikispaces.com,m5QwPKpYAFGD,Maggee Jordan,Treeflex,1
596,lbryersgj@npr.org,JrVVANK,Leontyne Bryers,Keylex,3
597,jwemyssgk@youku.com,JoSlSNiBlGN,Jeanette Wemyss,Domainer,1
598,dkilmistergl@1688.com,ej4Fhn5ti,Donni Kilmister,Bitchip,1
599,jebenezergm@webeden.co.uk,weAnoTym,Jenine Ebenezer,Veribet,1
600,dbidewellgn@dedecms.com,W62PRI51s9J,Doti Bidewell,Cookley,1
601,bhedauxgo@springer.com,5V3tnYT,Blake Hedaux,Asoka,2
602,nwhatleygp@livejournal.com,q1BEbDdkrXw,Nicole Whatley,Daltfresh,3
603,qglassgq@topsy.com,YjzFBILyfqJ,Quintin Glass,Tampflex,3
604,iwaindgr@springer.com,Rf8jc2CI,Ive Waind,Otcom,2
605,npatridgegs@comcast.net,oRw6LtIM58T,Nicko Patridge,Tampflex,1
606,fdruittgt@geocities.jp,VE6i4Hmd,Frasquito Druitt,Subin,2
607,skellogggu@ucoz.com,QCvT8FMctzMl,Stacy Kellogg,Sonair,3
608,slongthornegv@bloglovin.com,ChEq1tH9cY,Sterling Longthorne,Namfix,1
609,cchavesgw@unblog.fr,mJVjGYuT,Caldwell Chaves,Flowdesk,2
610,ngavinigx@microsoft.com,fUV39l,Norah Gavini,Solarbreeze,2
611,clagadugy@scientificamerican.com,jc3WiSY,Cristabel Lagadu,Duobam,3
612,sheysgz@taobao.com,6de0aY4ia,Sergei Heys,Zathin,2
613,tdarnbroughh0@amazon.com,udfRUi1,Trueman Darnbrough,Ronstring,1
614,tstockellh1@myspace.com,zpUUSf3Rp6,Trip Stockell,Flowdesk,2
615,jwattishamh2@cnet.com,XyBcXJOXOil,Jarred Wattisham,Transcof,3
616,lkorlath3@yolasite.com,Ex6foyZ,Linet Korlat,Otcom,2
617,afeldmesserh4@networksolutions.com,n9MQMqtyGLol,Annalee Feldmesser,Subin,1
618,ufriedh5@about.com,0EUmZSHO9Uyn,Ursola Fried,Bigtax,3
619,jrobotthamh6@bizjournals.com,68KuVq,Jan Robottham,Overhold,3
620,wgiberdh7@webnode.com,IDSpcUKlGgsF,Winnie Giberd,Aerified,1
621,thuardh8@fotki.com,wisKlnTj7Kod,Therine Huard,Temp,2
622,eastyh9@myspace.com,Nb70PDOI9wM,Eldredge Asty,Trippledex,2
623,cmccrowha@alexa.com,v2YNXNWda9G,Carla McCrow,Sub-Ex,1
624,rchattohb@eventbrite.com,LcBke28fs8jf,Retha Chatto,Hatity,1
625,cblibenhc@edublogs.org,UvcUQm,Caryn Bliben,Y-find,2
626,athodyhd@slideshare.net,tkWG5tJU0Y,Aviva Thody,Transcof,2
627,opalekhe@shareasale.com,DabdPm,Orton Palek,Konklab,1
628,nbodhamhf@fema.gov,gxhvdOoyN,Nathanael Bodham,Fintone,3
629,abalazshg@hc360.com,Ps59JxBMUL0,April Balazs,Tampflex,3
630,bosthh@drupal.org,D6B7Ww3m,Ben Ost,Stronghold,1
631,lmilnehi@umich.edu,fahDZmNSx,Layne Milne,Domainer,2
632,hdunnehj@technorati.com,oUCA3X,Hamish Dunne,Sub-Ex,3
633,mrizzihk@comsenz.com,5suT5Ojxdt,Monah Rizzi,Sub-Ex,1
634,nipsgravehl@virginia.edu,huzehbgz,North Ipsgrave,Namfix,3
635,gbrushfieldhm@senate.gov,OOBE0PGAKJGZ,Georgetta Brushfield,Home Ing,2
636,atorveyhn@altervista.org,O05qYBFgdu,Agneta Torvey,Ventosanzap,2
637,esincockho@miitbeian.gov.cn,CVak9SlRKi7,Edgar Sincock,Voyatouch,3
638,hlearmanhp@samsung.com,U8wwCi,Hagen Learman,Transcof,3
639,cmountforthq@dell.com,iVwwPp54V2,Christen Mountfort,Zoolab,3
640,dpaverhr@deviantart.com,ly0jmKQ,Dudley Paver,Daltfresh,1
641,mpamplinghs@loc.gov,HPfEh5H70,Myles Pampling,Duobam,1
642,proskamht@acquirethisname.com,zL8pHiSdAihY,Pattie Roskam,Viva,3
643,aswatridgehu@skype.com,r98b4cAAUCF,Allen Swatridge,Greenlam,2
644,mcoyishhv@google.ru,c1rJeMbKDLI,Maximilianus Coyish,Matsoft,3
645,challihanehw@prweb.com,FeeGQz1s7e,Carling Hallihane,Home Ing,1
646,agwinnetthx@bloglovin.com,mxXZYd3QZ5B,Andrej Gwinnett,Tresom,1
647,rabelahy@epa.gov,miZ7GS,Rogerio Abela,Zamit,2
648,ebourthoumieuxhz@geocities.com,DF63NDO,Edgardo Bourthoumieux,Fix San,2
649,lbogaysi0@digg.com,wBeVT7jF,Lanie Bogays,Fixflex,1
650,efinlasoni1@microsoft.com,9DAY9I83,Elana Finlason,Hatity,3
651,mwaterdrinkeri2@umich.edu,G5fylU2a,Melesa Waterdrinker,Transcof,3
652,dbrimilcombei3@deviantart.com,Rfh5tIkL,Dulci Brimilcombe,Aerified,1
653,alivseyi4@examiner.com,N2COIeqA,Aubrette Livsey,Zaam-Dox,1
654,afaringtoni5@washingtonpost.com,oFETzju,Abel Farington,Konklab,3
655,waleni6@wikia.com,I4RGW5g,Windham Alen,Mat Lam Tam,2
656,wsiddalli7@nps.gov,D8Cb3O9C,Wilfred Siddall,Zaam-Dox,1
657,everityi8@mtv.com,ZjYXemzZ3gd,Erhart Verity,Job,2
658,svani9@slashdot.org,StaAeV16U6,Sebastien Van der Hoven,Fixflex,3
659,cstivaniia@deviantart.com,HMU50UL,Cornie Stivani,Keylex,2
660,uscholteib@amazon.de,2mSTlDUx5z,Ursulina Scholte,Quo Lux,2
661,bgossageic@reddit.com,1SkBQwGSM,Bernete Gossage,Tempsoft,3
662,remesid@blinklist.com,67JjiW5cgh,Roddy Emes,Bitchip,3
663,mbartrapie@geocities.com,DzegYRpG,Mel Bartrap,Bigtax,2
664,hkirckmanif@bloomberg.com,paatlO9,Hewet Kirckman,Tampflex,1
665,mhowlinig@cnet.com,Qperkzv,Modestine Howlin,Y-find,1
666,vflancinbaumih@sohu.com,qedVSux,Vinny Flancinbaum,Tampflex,1
667,bdeverilleii@cargocollective.com,dv3vRFmJnd0e,Braden Deverille,Trippledex,1
668,mbernardesij@gizmodo.com,pJRwbt,Maribel Bernardes,Solarbreeze,2
669,gpeiserik@soundcloud.com,NSw8k7,Goober Peiser,Ventosanzap,1
670,mmustillil@cam.ac.uk,kYmHCsj,Molly Mustill,Greenlam,2
671,galeksicim@mtv.com,YWramMx,Glenden Aleksic,It,1
672,caslenin@walmart.com,BF94Ze8,Catherine Aslen,Zamit,3
673,fkleszinskiio@comcast.net,6mNPIKKc1mI,Francoise Kleszinski,Ventosanzap,2
674,eleathardip@spotify.com,d6hlWUX3Mg,Edvard Leathard,Aerified,1
675,lkmicickiiq@scientificamerican.com,ECNdVe,Lionello Kmicicki,Greenlam,1
676,ggreenheadir@java.com,vW9vpoVsvOeN,Graham Greenhead,Tresom,3
677,aharfleetis@bing.com,AavfxyiJ,Alisun Harfleet,Lotstring,3
678,vboramit@webs.com,UXWlOcQ,Vladimir Boram,Transcof,2
679,vmoreiu@usda.gov,0nDs4zy,Veronika More,Flexidy,1
680,dandreaccioiv@over-blog.com,eT4kqT,Daniella Andreaccio,Zathin,3
681,atammadgeiw@github.com,p7cGOXavz,Arnaldo Tammadge,Bigtax,2
682,tscoylesix@xinhuanet.com,AuMmGbRj,Torr Scoyles,Redhold,1
683,ravrahmiy@sina.com.cn,6sa4GN1oILe,Rosco Avrahm,It,3
684,dcunningtoniz@omniture.com,ZMWftgOOG,Dick Cunnington,Treeflex,2
685,abeddonj0@java.com,s8zGEo,Aloysius Beddon,Zoolab,1
686,lscollanj1@icio.us,JONKyop0k,Lavinia Scollan,Fintone,2
687,dhabensj2@cocolog-nifty.com,iiKXpd,Drugi Habens,Stronghold,2
688,cmullanyj3@reverbnation.com,E9a0WfbF4pD,Caril Mullany,Alpha,3
689,cphateplacej4@gmpg.org,5o9WerY28,Chane Phateplace,Domainer,1
690,jperrenj5@house.gov,DTEQpHHR,Jobye Perren,Quo Lux,3
691,ddej6@ask.com,hrvyNhsW32h3,Devon De Roberto,Stronghold,1
692,hharmourj7@jimdo.com,fpnsZk,Herve Harmour,Voyatouch,3
693,kjellemanj8@example.com,2btEsCZaac,Krysta Jelleman,Daltfresh,2
694,cfortunj9@tumblr.com,Advaiqh,Camel Fortun,Aerified,3
695,rboothmanja@intel.com,uap7NFMD,Rabbi Boothman,Sonsing,1
696,asingyardjb@soup.io,mCerY3B6h44,Adi Singyard,Tres-Zap,1
697,milievejc@columbia.edu,NFw07B3opgM,Marie-jeanne Ilieve,Prodder,2
698,pverbruggenjd@tinypic.com,AVUcGqc,Prent Verbruggen,Job,1
699,wforlongeje@networksolutions.com,M230HIXLfO6,Willey Forlonge,Cardify,2
700,miggaldenjf@businessinsider.com,BLv7Su,Mildred Iggalden,Wrapsafe,1
701,lbartholatjg@businessinsider.com,cpI1av,Lydie Bartholat,Pannier,2
702,cgonnetjh@boston.com,7dLrvEFnoJpn,Cyndia Gonnet,Ronstring,2
703,mrudeforthji@dropbox.com,Iz8ElhY6FpM,Marchall Rudeforth,Prodder,2
704,bleatherlandjj@amazon.com,qg48Uomww,Bil Leatherland,Alphazap,2
705,cboutsjk@reuters.com,0YD5hYbu,Cristy Bouts,Keylex,3
706,brosengrenjl@webnode.com,q1P4UpIy1PoQ,Bendix Rosengren,Tin,2
707,eocooneyjm@unc.edu,i6Rm8y,Elana O'Cooney,Namfix,1
708,ytimothyjn@photobucket.com,CJlK0jF7Qb,Yuri Timothy,It,3
709,mloxtonjo@eventbrite.com,2rEnqy,Maggee Loxton,Home Ing,3
710,acawderyjp@bloomberg.com,0dR0Z66Io,Abie Cawdery,Sonair,1
711,ucreasyjq@networksolutions.com,wUXXCkAeQ,Ulberto Creasy,Hatity,1
712,tdejr@altervista.org,lD2saXUKLM,Titos De Domenico,Alphazap,2
713,njimmisonjs@webmd.com,ALznbE,Norah Jimmison,Andalax,2
714,hmidnerjt@comcast.net,9ZjaUFreO,Holmes Midner,Prodder,2
715,tkimbroughju@theguardian.com,gd2XC31I8S4,Todd Kimbrough,Bigtax,2
716,jeveredjv@youtube.com,w4Gxmn89wkw,Justino Evered,Trippledex,3
717,ocastillejw@seattletimes.com,KQzVbs,Onfre Castille,Veribet,2
718,tklemensiewiczjx@businessweek.com,ViHgCsvhKvB1,Teirtza Klemensiewicz,Bitchip,1
719,mclusejy@slideshare.net,bH8x9kd,Mina Cluse,Opela,1
720,amaddoxjz@spiegel.de,49eFlswccoQh,Aile Maddox,Redhold,2
721,singoldk0@blogspot.com,UP4TjBKL5Rn4,Selene Ingold,Sonsing,1
722,rduckelsk1@reverbnation.com,wJj16PZNlwi,Rodolph Duckels,Bytecard,1
723,jrupertik2@prweb.com,fSUlEw8w3Bdu,Joel Ruperti,Matsoft,2
724,nboldersonk3@intel.com,KAiujPyKh,Natalie Bolderson,Treeflex,3
725,egorwoodk4@storify.com,aWmEcq6tn5,Eugenie Gorwood,Konklux,1
726,hmannixk5@yellowbook.com,72Sw1lr,Hedi Mannix,Voyatouch,1
727,amcgowk6@typepad.com,YtdtG51o,Alexandre McGow,Y-Solowarm,2
728,cvank7@trellian.com,AB2ZfJgIl,Cassondra Van Leijs,Kanlam,1
729,mbadgerk8@de.vu,QZgCe5p,Mahala Badger,Overhold,1
730,dkeank9@ezinearticles.com,2fE2In,Dorise Kean,Tres-Zap,3
731,hbonneyka@cbsnews.com,JAVz4Gn,Heindrick Bonney,Redhold,2
732,lsimakkb@multiply.com,H3cCVuEDP,Luisa Simak,Bitchip,1
733,nkennefordkc@over-blog.com,cuZfZg,Nicol Kenneford,Voltsillam,2
734,cgleaveskd@xinhuanet.com,7OTqzY8,Chickie Gleaves,Toughjoyfax,1
735,fgutowskike@archive.org,qlLchc9gvAm,Florance Gutowski,Cookley,1
736,aoswaldkf@opera.com,7aEpAJ,Alex Oswald,Subin,1
737,amoulsdallkg@about.me,uuhDDYj7Xq,Angy Moulsdall,Otcom,3
738,agwilymkh@nhs.uk,HpMZrlvYhj,Arleta Gwilym,Flexidy,3
739,mlawleski@mit.edu,Yr0Qe9yx,Muire Lawles,Greenlam,2
740,inucatorkj@cornell.edu,KX9Ghg2THdq6,Irma Nucator,Y-find,3
741,dmactavishkk@mozilla.com,Xk23c0yjEq,Dexter MacTavish,Daltfresh,2
742,ktousonkl@forbes.com,AKK6qS28N,Kanya Touson,Konklux,2
743,cwooffindenkm@opensource.org,qfOkch,Caz Wooffinden,Lotstring,2
744,rledgisterkn@shareasale.com,lLMeGD,Rosanne Ledgister,Fix San,3
745,kinchcombko@indiegogo.com,zHAPXrznI1Q,Kean Inchcomb,Pannier,3
746,mhebbardkp@addtoany.com,1Y1iDQ6nNVv0,Mile Hebbard,Trippledex,3
747,wlindforskq@goo.ne.jp,yjd7IX2Roy,Woodie Lindfors,Cardguard,2
748,ndeliakr@cornell.edu,0pfXDxalPo,Nefen D'Elia,Namfix,2
749,ncooneyks@phoca.cz,mmb9i0B2e,Nannette Cooney,Alphazap,3
750,sdolbeykt@google.cn,7lFXr12OS,Shelly Dolbey,Kanlam,1
751,ybulleneku@barnesandnoble.com,TxbvHNS,Ynez Bullene,Zathin,2
752,pkleintkv@studiopress.com,OdQfy9zc,Poul Kleint,Sub-Ex,2
753,mvandersonkw@samsung.com,FweKfyq,Merralee Vanderson,Zamit,1
754,jglassfordkx@webs.com,4jZqekkgnn,Joete Glassford,Solarbreeze,2
755,mburgissky@wikispaces.com,vSdQFXbV,Meade Burgiss,Sonair,2
756,bhaskewkz@arstechnica.com,RlwX9iv45ni,Bobbie Haskew,Lotlux,1
757,omowlel0@newsvine.com,tsJP0OrZ,Odelia Mowle,Namfix,1
758,vsyphasl1@delicious.com,eKBhOs4snw,Venita Syphas,Asoka,2
759,fgentryl2@mtv.com,AsE4Nxo31,Filide Gentry,Temp,3
760,petchinghaml3@meetup.com,UgB1myZqdZ,Pryce Etchingham,Opela,3
761,mhazlehurstl4@skyrock.com,X2dvDK,Maryellen Hazlehurst,Fixflex,1
762,mgladerl5@live.com,SjbrH7bUbgQ,Mattie Glader,Keylex,1
763,ccaseyl6@rakuten.co.jp,3CLjc4,Calvin Casey,Redhold,3
764,kpottingerl7@google.com.br,Jw4b14uSIC,Kynthia Pottinger,Tampflex,1
765,kslimingsl8@aboutads.info,Q9lcHBkrJJ7,Keslie Slimings,Zathin,2
766,mgiraudell9@chronoengine.com,5n82AfAsC,Marybeth Giraudel,Lotstring,2
767,cgoscarla@wordpress.org,tryhdPVvagwT,Casper Goscar,Regrant,2
768,hwhardleylb@nba.com,qSZn1y4,Heddie Whardley,Sub-Ex,2
769,lbrodleylc@ca.gov,Z3lqTuM81,Lester Brodley,Daltfresh,3
770,bcicccittild@dagondesign.com,33RFLMJYJ,Bernete Cicccitti,Sub-Ex,2
771,abordisle@youku.com,sz0vbQctlX,Albert Bordis,Zoolab,1
772,sfoldslf@chron.com,yIVXuplo8P6M,Steve Folds,Zontrax,1
773,cphilpottlg@indiegogo.com,kFEqKrUf,Cody Philpott,Pannier,3
774,gvarseylh@wsj.com,RXzuAthYEu,Glenn Varsey,Treeflex,2
775,ebrumbyli@t-online.de,5Q7zDqfEvT,Elizabet Brumby,Opela,3
776,asherredlj@hao123.com,ziysXZnvQJnz,Ailis Sherred,Konklux,2
777,mallibonelk@sogou.com,MgB50SsIRr,Miguel Allibone,Flexidy,2
778,jtremontell@cpanel.net,6gksyYmNdMy,Jayme Tremonte,Otcom,3
779,imcfeatlm@businesswire.com,SmoYlQGbzXOI,Isador McFeat,Tres-Zap,1
780,egaunsonln@techcrunch.com,euewBA,Ema Gaunson,Job,1
781,kcornuaulo@vinaora.com,lDOh5gx4dPh3,Kissee Cornuau,Hatity,3
782,mbenieshlp@wp.com,uHuV78A9a,Mahmoud Beniesh,Holdlamis,3
783,igiorgionelq@house.gov,TCtLT9hLVcui,Isac Giorgione,Ronstring,1
784,mgouthlr@github.io,E00y7t,Major Gouth,Sonsing,1
785,mhumphrysls@mtv.com,NjaogbbRk,Mabel Humphrys,Treeflex,1
786,rgommowelt@fotki.com,Cx53f5jW1N,Robyn Gommowe,Ventosanzap,3
787,wscothornelu@sbwire.com,7tZwAFWQM8,Waylen Scothorne,Konklab,3
788,mpickfordlv@de.vu,5Fi3GHahU,Morgun Pickford,Flowdesk,1
789,jjoynerlw@google.es,KV9Otrrvqc,Jessalin Joyner,Rank,2
790,hlhommeaulx@biglobe.ne.jp,sKeSoFfJOw6,Heath L'Hommeau,Transcof,2
791,droyanly@dagondesign.com,UTElms,Dominga Royan,Stringtough,2
792,kealdenlz@123-reg.co.uk,gk2K0VKLM,Katee Ealden,Tres-Zap,1
793,cspoolem0@unc.edu,NKNm0IWQtIXW,Constanta Spoole,Cardify,3
794,santonoczykm1@google.com.hk,2m3lzcIacTFQ,Silvano Antonoczyk,Sonsing,1
795,mlockhartm2@blogspot.com,r0qftnZ4bPN,Myrlene Lockhart,Solarbreeze,2
796,fsheekeym3@comsenz.com,uwHeJE9,Frannie Sheekey,Matsoft,2
797,atolchardm4@bbb.org,pMCV6YM,Abey Tolchard,Viva,3
798,lupstonem5@nytimes.com,Zib5RQ,Lind Upstone,Sonair,2
799,lduguem6@blogger.com,9tY0QD5dqQ,Leila Dugue,Bamity,1
800,enailm7@dropbox.com,Kc8AMzqk,Eadmund Nail,Tempsoft,3
801,tbrindm8@seesaa.net,I4i7Sc6dwuC,Trent Brind,Zoolab,3
802,tlovekinm9@lulu.com,RJka111xOii,Tremaine Lovekin,Voyatouch,3
803,cfurlongema@paginegialle.it,ODYZHjt,Crissie Furlonge,Redhold,2
804,pcantuamb@baidu.com,nq3aXyR7a,Patty Cantua,Stronghold,1
805,keinchcombemc@mayoclinic.com,joH7zW0Sx9M0,Katlin Einchcombe,Stringtough,1
806,bkenrydmd@who.int,eUT0IC65NY5y,Bron Kenryd,Pannier,3
807,sdranfieldme@latimes.com,4J3hVNoQR,Sher Dranfield,Pannier,3
808,aconninghammf@ihg.com,euN9OA,Alvie Conningham,Keylex,2
809,aannettmg@amazon.co.jp,AC16vEt9zXB,Aubert Annett,Tin,2
810,schattockmh@ox.ac.uk,r8DItEv,Shelley Chattock,Fix San,2
811,mwizmi@squidoo.com,xRgnbbtV,Mikey Wiz,Konklux,3
812,hderlemj@bing.com,sLBXXz,Honoria Derle,Domainer,1
813,awilcocksmk@businessweek.com,4JuTnY0To,Andras Wilcocks,Flowdesk,1
814,malderml@taobao.com,ItnlOa,Maggie Alder,Holdlamis,2
815,awhallmm@vimeo.com,sjn0rfX,Aldridge Whall,Trippledex,2
816,gspavinsmn@admin.ch,JAed9GPjpZW,Goldi Spavins,Zontrax,2
817,choudhurymo@networkadvertising.org,L31kNHidr,Chance Houdhury,Subin,3
818,aburlingamemp@forbes.com,b2aKyQ20p,Alexander Burlingame,Konklab,3
819,abuchettmq@topsy.com,OTxBIxMQ,Annabell Buchett,Zoolab,3
820,lgrannellmr@imageshack.us,m8RQLVEum,Lorry Grannell,Zontrax,1
821,nslobomms@sina.com.cn,WAv8RzYw8V1,Nikkie Slobom,Y-find,1
822,hsabertonmt@fda.gov,dvSDTez,Henka Saberton,Konklab,1
823,mkenneymu@nih.gov,JLWWhpzGZ8z,Milli Kenney,Toughjoyfax,1
824,rnorleymv@pagesperso-orange.fr,eZRZPnL,Rob Norley,Regrant,2
825,kfranklinmw@telegraph.co.uk,PiDa7oso4,Kinny Franklin,Vagram,2
826,rfranzewitchmx@hao123.com,KVPSVk1nj,Rafaelia Franzewitch,Aerified,2
827,obranchmy@ftc.gov,YIPFIWAE,Osbourne Branch,Zamit,2
828,bgerrenmz@skype.com,AfcpOnuKDwY,Bettina Gerren,Voltsillam,1
829,akoppken0@apple.com,mAIP8b02qVB,Alejandra Koppke,Greenlam,3
830,rmowatn1@dion.ne.jp,Ztp8GC,Roderick Mowat,Ronstring,2
831,lborboroughn2@google.nl,GZJIrwY2rn,Lief Borborough,Greenlam,3
832,bscampionn3@liveinternet.ru,SBcfhtVS,Bernie Scampion,Andalax,1
833,hbraghinin4@a8.net,EgPm9myr,Hiram Braghini,Voyatouch,3
834,bdecazen5@usatoday.com,2k4N55nENCg,Betsey Decaze,Flowdesk,2
835,spolkinhornn6@xrea.com,v8xkbuA,Scot Polkinhorn,Tresom,1
836,sboulden7@vimeo.com,J9J8uxdOLzU,Seka Boulde,Sonair,2
837,ymcvittien8@posterous.com,jR5EK6XK0e,Yetty McVittie,Treeflex,2
838,fcullinanen9@ucla.edu,ZxVXqE6GZ,Field Cullinane,Andalax,1
839,csinena@abc.net.au,5OK8Byr,Chadd Sine,Viva,2
840,egraesernb@cnn.com,4uH4OzrV6vHO,Elyn Graeser,Home Ing,1
841,aboxenc@go.com,OQTDgz9JodV8,Abigail Boxe,Voyatouch,2
842,mkaasmannd@gnu.org,CGoZ3y9idl,Maribeth Kaasman,Asoka,2
843,pcastellettone@about.com,jgtbf2GR,Page Castelletto,Duobam,2
844,kfilipputtinf@wp.com,7N8f8Wb4,Kellia Filipputti,Y-Solowarm,1
845,mkopferng@123-reg.co.uk,dJ8KAvO62,Mae Kopfer,Job,3
846,racombnh@woothemes.com,3Fy75n6i,Ruy Acomb,Ventosanzap,3
847,bpoundfordni@rambler.ru,ou8FVGs,Boyce Poundford,Daltfresh,2
848,mpirisnj@blogger.com,2W9VUNzz9n,Mac Piris,Quo Lux,1
849,chenlonnk@fastcompany.com,aLiYpax,Catharine Henlon,Flowdesk,1
850,sdewisnl@w3.org,g6tWA9yJb,Susanna Dewis,Aerified,3
851,aweeklynm@quantcast.com,d1GFPnMr8F,Audy Weekly,Biodex,3
852,edenn@unicef.org,bENmJTWbg68,Eliza de Quesne,Aerified,3
853,lkhotlerno@etsy.com,EDjtFv0U,Letisha Khotler,Rank,3
854,kgavigannp@yolasite.com,GTdE2foy,Kris Gavigan,Voltsillam,3
855,pchurchesnq@amazon.de,elaRBHR,Perceval Churches,Zamit,3
856,nfortyenr@cocolog-nifty.com,7xuTxf8wh,Nanice Fortye,Tin,2
857,tbonhamns@webnode.com,R1RRf0,Toddie Bonham,Fix San,1
858,sudynt@indiegogo.com,7hhJ9xc4001U,Shaylynn Udy,It,1
859,wextancenu@narod.ru,YsNFbRQYW,Willy Extance,Stringtough,1
860,adalgleishnv@usda.gov,NrwBqO4x,Aurel Dalgleish,Bitchip,3
861,dgronnonw@unesco.org,lYjBWmMihQ,Darby Gronno,Duobam,1
862,bdobbynx@hostgator.com,Bot6eLuKe,Bev Dobby,Transcof,3
863,dheinsenny@chron.com,tVdN9aa,Dmitri Heinsen,Ronstring,1
864,dblacktinnz@ucsd.edu,DhBmx6lNvTOe,Dunc Blacktin,Keylex,2
865,mphythono0@bing.com,NOIRYX6UU,Mathew Phython,Zamit,3
866,kbreao1@youku.com,LazxxB,Kingsly Brea,Cardguard,2
867,ebentsono2@washington.edu,WTEwP0t,Ema Bentson,Tin,3
868,aeilerso3@ehow.com,QR0zayBj1,Aigneis Eilers,Veribet,1
869,rdonizeauo4@buzzfeed.com,uC7gZdgwaqh,Rock Donizeau,Veribet,1
870,sduguido5@wikispaces.com,AsMJQMSuEa,Stephie Duguid,Ronstring,3
871,rlytlleo6@accuweather.com,RWUDDCqq,Rudyard Lytlle,Konklux,3
872,dkonigo7@yellowbook.com,t7JnPhk,Dulsea Konig,Y-Solowarm,3
873,csayloro8@home.pl,QZMHtHPgNyQl,Casandra Saylor,Zathin,2
874,kkirsoppo9@livejournal.com,x9VkOl,Kakalina Kirsopp,Matsoft,3
875,ddonnoa@marketwatch.com,TMZhgkV,Doyle Donn,Namfix,3
876,dclutramob@abc.net.au,YqlBmW,Darcie Clutram,Bitchip,2
877,dbenediktssonoc@unesco.org,xOzsB4W0TS3b,Deeanne Benediktsson,Fintone,3
878,rgodsellod@51.la,WZSjr3Wanxr,Rodolphe Godsell,Keylex,2
879,cmccullaghoe@yellowpages.com,NHWdVXxuRw,Clarance McCullagh,Job,1
880,rbucknillof@deliciousdays.com,NCKqymGMev,Roddy Bucknill,Tin,1
881,lmciverog@delicious.com,ITgqu62S,Livvie McIver,Y-Solowarm,3
882,gheinleinoh@arizona.edu,BdYx6d,Grantham Heinlein,Biodex,1
883,fwhitseyoi@pinterest.com,Vi0Jqr2iXu,Ferne Whitsey,Lotlux,3
884,dgiacomellioj@webmd.com,S7lD0HRy2,Daffi Giacomelli,Zathin,2
885,ggrunguerok@cocolog-nifty.com,W9Ux53q87,Greta Grunguer,Veribet,3
886,asweeneyol@narod.ru,BZhqT8C,Aggie Sweeney,Span,2
887,cislepom@dion.ne.jp,WLfmMTU,Cornie Islep,Keylex,1
888,vhusbyon@parallels.com,HXlFDvHGR,Vivienne Husby,Stronghold,2
889,dwhylieoo@squarespace.com,oEOyJD,Dannye Whylie,Hatity,3
890,dreynishop@dion.ne.jp,qlL0CjlzSH,Dulce Reynish,Bytecard,3
891,efarriaroq@bizjournals.com,LjKzTC8jyoxl,Eadie Farriar,Opela,1
892,oweadickor@go.com,KryF2IRIxx,Orton Weadick,Span,1
893,afirmageos@netvibes.com,lVu6ehicHfky,Arri Firmage,Tin,2
894,bbartunekot@gizmodo.com,bNI8qZZG,Beitris Bartunek,Alpha,2
895,sbaalou@reverbnation.com,cS7vR5BhEgQ,Sara-ann Baal,Pannier,1
896,cmosdillov@java.com,oVgtJeo,Cymbre Mosdill,Cardguard,2
897,bmcarteow@delicious.com,jsJc78I,Benjie McArte,Sonair,1
898,chartzogsox@wp.com,jbt07ZRh,Caitrin Hartzogs,Span,3
899,bbrittinoy@bandcamp.com,15AcPKZY3xD,Berkeley Brittin,Lotlux,2
900,ajecksoz@nhs.uk,YLLtKlqBt,Angy Jecks,Zaam-Dox,1
901,jgheorghep0@hibu.com,Lrtqbw,Jyoti Gheorghe,Kanlam,2
902,sdavidovep1@wikispaces.com,NAOmHlF,Sisely Davidove,Zamit,2
903,lmodenp2@devhub.com,8aSASlYrVdll,Laurens Moden,Zamit,1
904,bbehrendp3@buzzfeed.com,pptv6bOINnE,Bonny Behrend,Span,1
905,pclemensenp4@bandcamp.com,PShno2Yh5QI,Persis Clemensen,Stronghold,1
906,mharpp5@godaddy.com,LDht86,Marillin Harp,Trippledex,3
907,jdyballp6@jigsy.com,ZScHY0JpMBc,Joaquin Dyball,Rank,3
908,rbaxillp7@nyu.edu,XprYhOil,Rosanne Baxill,Home Ing,3
909,emathep8@census.gov,uJ2t1BYdQ,Evered Mathe,Voyatouch,2
910,wbaggotp9@yahoo.com,8b8AWVe0,Wilton Baggot,Keylex,1
911,bthornepa@angelfire.com,0UocrZ9,Babs Thorne,Daltfresh,1
912,mdavidspb@narod.ru,cc50xep2,Moses Davids,Bamity,2
913,aglassonpc@jimdo.com,SYDSR6bypgzg,Allyson Glasson,Ronstring,1
914,deskrietpd@omniture.com,CK3o2VOoahHF,Dwight Eskriet,Opela,3
915,temmettpe@yolasite.com,GWwoslN,Taddeusz Emmett,Voyatouch,3
916,wspyvyepf@virginia.edu,dE2rdNQ,Woodie Spyvye,Otcom,2
917,tkenninghampg@shutterfly.com,J5fUqr,Toinette Kenningham,Asoka,1
918,eholdworthph@mapy.cz,hOeoJq9,Esmeralda Holdworth,Sonsing,2
919,csamterpi@arizona.edu,FzBXGtT,Con Samter,Prodder,2
920,cfendtpj@blinklist.com,7K6D6j4A5t9D,Cristen Fendt,Tres-Zap,2
921,ejenteaupk@ucoz.com,aJ2Q9O0z64kl,Etty Jenteau,Overhold,3
922,njeaycockpl@dyndns.org,WOcNidnV2qL,Nedi Jeaycock,Zaam-Dox,3
923,rcaspellpm@gravatar.com,fLey2TnbCro,Raimundo Caspell,Zamit,1
924,asorsbypn@tamu.edu,CrEcx8wotJN3,Alvy Sorsby,Subin,3
925,nbrocklesbypo@nymag.com,jQsXfus,Nita Brocklesby,Alphazap,1
926,gkirkwoodpp@deliciousdays.com,HtIlt0E6Drk,Gabbie Kirkwood,Stringtough,2
927,aoharepq@hexun.com,AL09N7gy,Anne O'Hare,Y-find,1
928,ahamnettpr@chronoengine.com,xzwxP4JZ4,Annetta Hamnett,Sub-Ex,1
929,nturnerps@infoseek.co.jp,QQYB4YXUz,Noreen Turner,Bitchip,1
930,kduffettpt@storify.com,FFEibdti5,Kriste Duffett,Span,3
931,lrissopu@wiley.com,NWaq1h4E6UU7,Lucas Risso,Transcof,2
932,sdivispv@google.com,HqgBdJ,Star Divis,Bitchip,1
933,mgivenspw@naver.com,LQp2v7be,Marya Givens,Subin,1
934,amogiepx@si.edu,2fgUtDTe,Annadiane Mogie,Vagram,3
935,praubheimpy@51.la,aIeoRe5,Pier Raubheim,Zamit,3
936,oeynaudpz@youtu.be,v90viIQ,Odilia Eynaud,Konklux,2
937,dshearsbyq0@nydailynews.com,1aAkfmSsmyq,Dael Shearsby,Ronstring,3
938,hdessonq1@usda.gov,TcFo2DphdT,Harris Desson,It,3
939,scysonq2@umn.edu,imxoPuf,Saunders Cyson,Tres-Zap,2
940,hdeeproseq3@constantcontact.com,VWNt5WeUxHaz,Hank Deeprose,Trippledex,2
941,hmckissackq4@wunderground.com,QzFHAhDwrnbA,Hobey McKissack,Lotlux,2
942,ccodyq5@networkadvertising.org,xK6z6n9,Casper Cody,Trippledex,2
943,kthumannq6@nih.gov,D601A4S,Keven Thumann,Keylex,3
944,jcammiemileq7@un.org,tNxJm0G,Johanna Cammiemile,Latlux,2
945,efinbyq8@paypal.com,cEVcbBhmK7Y,Emily Finby,Fix San,1
946,kloffillq9@acquirethisname.com,tfOMQX,Klarrisa Loffill,Temp,3
947,cmatusqa@biblegateway.com,u1iMxZfXzT5,Claudina Matus,Quo Lux,3
948,eyouelqb@i2i.jp,fujDw2kMc,Elyssa Youel,Y-find,3
949,bebbittqc@mediafire.com,25tTV3DrkZ,Bjorn Ebbitt,Veribet,1
950,ggoodaleqd@ed.gov,dGiJarnfzBt,Guthrey Goodale,Zontrax,1
951,dedmondsqe@oaic.gov.au,fwWp6HJ0QHHF,Drusie Edmonds,Zaam-Dox,2
952,mmouattqf@deviantart.com,2bpfxtjb,Mycah Mouatt,Rank,3
953,mbunclarkqg@merriam-webster.com,awNO9iyCwD1Q,Miriam Bunclark,Latlux,2
954,djennerqh@last.fm,AwK9TNK,Darill Jenner,Biodex,3
955,tvarrowqi@indiatimes.com,c6PQ2zaXSe,Tab Varrow,Tin,1
956,lzanicchiqj@cam.ac.uk,9n6X5P9i3qcE,Leia Zanicchi,Latlux,3
957,astockingqk@sogou.com,wOtOgx1WsC,Amalea Stocking,Bytecard,2
958,cwernyql@yandex.ru,IESpGj,Conny Werny,Y-find,2
959,ebetchleyqm@wired.com,J3XJEs1F,Em Betchley,Regrant,3
960,ngarretqn@apache.org,0xhUqTQhPs,Neill Garret,Trippledex,1
961,mrushbrookqo@sun.com,t2t0zS2f,Maggi Rushbrook,Voyatouch,3
962,arennixqp@yale.edu,uXgNIM1C,Arri Rennix,Home Ing,1
963,ewaldramqq@gmpg.org,r2hf3mT,Edvard Waldram,Fixflex,2
964,imacmenemyqr@oaic.gov.au,f5fBU2OzZGvQ,Isidore MacMenemy,Tin,2
965,jhunnqs@princeton.edu,RgAhBJC,Justine Hunn,Aerified,3
966,zlilleymanqt@taobao.com,8D48Yu7ggqw,Zak Lilleyman,Pannier,2
967,lkiddequ@adobe.com,8M9TX3ts0,Loralie Kidde,Voltsillam,3
968,salexsandrovichqv@issuu.com,mT1e4LE5MUT,Salim Alexsandrovich,Ventosanzap,1
969,tcordaroyqw@vinaora.com,MQxGjOlsGXfF,Tracy Cordaroy,Subin,2
970,femblenqx@webnode.com,6DMs4t0o,Fannie Emblen,Kanlam,3
971,iguiteqy@fda.gov,lraUer9rb,Isidro Guite,Greenlam,2
972,ggaunsonqz@ebay.com,PYC2y4M,Gardner Gaunson,Ronstring,1
973,fkorneevr0@mashable.com,SIIqvMoM3m,Fulvia Korneev,Latlux,3
974,rfoskettr1@github.io,Pe74B1,Rozalie Foskett,Sonair,1
975,ahaskeyr2@1und1.de,tV7HvFL,Andrea Haskey,Bitchip,2
976,mabbotsonr3@google.es,qZlJVkNU,Mia Abbotson,Overhold,1
977,dgleaderr4@google.com,NTNcvdfPTnT,Donetta Gleader,Tempsoft,3
978,bcoder5@amazonaws.com,cbxg5E045IL,Blanche Code,Bytecard,3
979,rpiresr6@google.ru,zIEFbpq9f,Ranee Pires,Voyatouch,2
980,everzeyr7@google.it,yJOZ0F8,Ebony Verzey,Subin,1
981,bbiddulphr8@princeton.edu,w9XGYXE,Bryna Biddulph,Otcom,3
982,vcoringtonr9@washington.edu,9hFFrr,Violette Corington,Asoka,3
983,rmacneelyra@netscape.com,S1Otord46X,Ronny MacNeely,Treeflex,2
984,easkewrb@nifty.com,HIXowLCW,Ericka Askew,Flexidy,3
985,chanshawerc@sina.com.cn,7gGsdL,Christy Hanshawe,Quo Lux,2
986,cmcgillacoellrd@google.co.jp,CTnWUE,Ciro McGillacoell,Pannier,3
987,aohoolahanre@google.co.jp,FZRk2sBQHJ2,Amity O'Hoolahan,Quo Lux,3
988,kgarthlandrf@mediafire.com,eY33UYwzm8z,Kikelia Garthland,Duobam,3
989,dwylamrg@blinklist.com,cT1LL3,Donn Wylam,Treeflex,3
990,lfarakerrh@zdnet.com,t20dfc0Zcsk,Leonanie Faraker,Transcof,1
991,cbellshamri@usda.gov,g8FCpU68,Charlena Bellsham,Y-find,2
992,mskullrj@paypal.com,W3i9awPLY,Myrah Skull,Fintone,2
993,nloverk@comsenz.com,zNNOnhBqPh,Nadia Love,Veribet,1
994,okemballrl@pcworld.com,Qnn1ngrIs,Obadiah Kemball,Trippledex,2
995,lnewloverm@upenn.edu,ZGyUFf,Leigha Newlove,Namfix,1
996,jdovingtonrn@theguardian.com,ZBee9i65Spik,Jorry Dovington,Veribet,3
997,tweallro@last.fm,m2rbpn12zo,Tova Weall,Opela,1
998,gshadfourthrp@narod.ru,SPoUdHjI,Gene Shadfourth,Sub-Ex,3
999,lkrochrq@nydailynews.com,XFzwco,Lanie Kroch,Cookley,1
1000,lwantrr@networksolutions.com,fk5aIUiuQH,Lev Want,Duobam,2
